{"FF": {"0": [0.06899741028486867, 0.19848316685164633, 0.28875323714391415, 0.4437661857195708], "1": [0.07120360649663435, 0.16204532822824677, 0.3273636756623232, 0.43938738961279566], "2": [0.06815888450600863, 0.14916062746537015, 0.3414365654527108, 0.44124392257591044], "3": [0.14007023019898557, 0.30218493952399533, 0.12797502926258292, 0.4297698010144362], "4": [0.12974765308758934, 0.23671518387735768, 0.19119800189475497, 0.442339161140298], "5": [0.11106204460145727, 0.1983881651578715, 0.23597924486641642, 0.4545705453742548], "6": [0.18715751018687649, 0.33609666994520165, 0.0872558662357735, 0.3894899536321484], "7": [0.18055555555555555, 0.3089838255977497, 0.11594585091420534, 0.39451476793248946], "8": [0.15057694504741231, 0.27796184165428994, 0.15720324460185078, 0.41425796869644693], "9": [0.008064516129032258, 0.05846774193548387, 0.5806451612903226, 0.3528225806451613], "10": [0.031012203876525486, 0.09045226130653267, 0.5407035175879397, 0.33783201722900214], "11": [0.04229607250755287, 0.11178247734138973, 0.47129909365558914, 0.37462235649546827], "12": [0.09149749926448955, 0.2701775031872119, 0.15200549181131706, 0.48631950573698146], "13": [0.08698583951449763, 0.17570561602928428, 0.3123013197187169, 0.4250072247375012], "14": [0.052132701421800945, 0.13270142180094788, 0.41232227488151657, 0.4028436018957346], "15": [0.15731922398589065, 0.29347442680776015, 0.21481481481481482, 0.3343915343915344], "16": [0.05660377358490566, 0.1169811320754717, 0.5169811320754717, 0.30943396226415093]}, "SL": {"0": [0.06689246401354784, 0.19898391193903472, 0.2904318374259102, 0.4436917866215072], "1": [0.09460105112279026, 0.21978021978021978, 0.29479216435738176, 0.3908265647396082], "2": [0.10245310245310245, 0.24314574314574314, 0.2987012987012987, 0.3556998556998557], "3": [0.15204678362573099, 0.28153717627401836, 0.12698412698412698, 0.4394319131161236], "4": [0.1626325809083492, 0.30962741365243407, 0.15392983410388905, 0.37381017133532773], "5": [0.12691985478916504, 0.32532812063669364, 0.21251047193521364, 0.3352415526389277], "6": [0.12325941206807632, 0.2080969571944301, 0.23904074265085096, 0.4296028880866426], "7": [0.15432873274780426, 0.28584464469031595, 0.23634082354283106, 0.3234857990190487], "8": [0.11705376145091144, 0.29295826778939577, 0.3283057277690386, 0.2616822429906542], "9": [0.047619047619047616, 0.14285714285714285, 0.47619047619047616, 0.3333333333333333], "10": [0.03806228373702422, 0.11072664359861592, 0.5709342560553633, 0.28027681660899656], "11": [0.0, 0.08333333333333333, 0.4166666666666667, 0.5], "12": [0.05155054369714056, 0.13894482480869916, 0.32420459122029804, 0.48530004027386225], "13": [0.07338806567881458, 0.2038446135362435, 0.4890869042851422, 0.23368041649979976], "14": [0.010565568676196395, 0.014294592914853946, 0.8203853325046613, 0.15475450590428838], "15": [0.051897008101387664, 0.12521055586749016, 0.6351167081094088, 0.18777572792171332], "16": [0.015776081424936386, 0.053604749787955895, 0.8510602205258694, 0.07955894826123834]}, "CH": {"0": [0.11529933481152993, 0.25942350332594233, 0.18403547671840353, 0.44124168514412415], "1": [0.15007656967840735, 0.26186830015313933, 0.17611026033690658, 0.4119448698315467], "2": [0.14035087719298245, 0.30634278002699056, 0.20647773279352227, 0.3468286099865047], "3": [0.13105726872246695, 0.23403083700440527, 0.15693832599118943, 0.4779735682819383], "4": [0.17922159447583177, 0.28782172002510986, 0.1785938480853735, 0.35436283741368485], "5": [0.1488933601609658, 0.35326243173325667, 0.2026444380569129, 0.2951997700488646], "6": [0.08839601414336226, 0.15846994535519127, 0.31308261009321764, 0.44005143040822886], "7": [0.1350723601929605, 0.2374486331963552, 0.313203501876005, 0.3142755047346793], "8": [0.12141592920353983, 0.3169911504424779, 0.31628318584070797, 0.24530973451327434], "9": [0.037037037037037035, 0.07407407407407407, 0.4444444444444444, 0.4444444444444444], "10": [0.11023622047244094, 0.2440944881889764, 0.31496062992125984, 0.33070866141732286], "11": [0.11538461538461539, 0.19230769230769232, 0.38461538461538464, 0.3076923076923077], "12": [0.04187689202825429, 0.13975782038345105, 0.2734611503531786, 0.544904137235116], "13": [0.10130010834236186, 0.2981220657276995, 0.3318887685084868, 0.26868905742145177], "14": [0.021917808219178082, 0.0410958904109589, 0.6657534246575343, 0.27123287671232876], "15": [0.053522099447513814, 0.13800644567219153, 0.5969152854511971, 0.2115561694290976], "16": [0.04565030146425495, 0.14470284237726097, 0.6606373815676141, 0.14900947459086994]}, "FT": {"0": [0.09130246646473388, 0.287321505841627, 0.18260493292946775, 0.43877109476417137], "1": [0.1093931194433707, 0.23850019327406263, 0.2180131426362582, 0.43409354464630845], "2": [0.10176125244618395, 0.1963470319634703, 0.2622309197651663, 0.43966079582517936], "3": [0.1833955223880597, 0.3649253731343284, 0.07332089552238806, 0.3783582089552239], "4": [0.17734649489710558, 0.3372929563326083, 0.10841559310690982, 0.37694495566337627], "5": [0.16189624329159213, 0.2900268336314848, 0.13349731663685152, 0.4145796064400716], "6": [0.16225575068018797, 0.301756121691813, 0.13504823151125403, 0.40093989611674496], "7": [0.19927390076643808, 0.34953610326744655, 0.09963695038321904, 0.35155304558289635], "8": [0.1806020066889632, 0.3754180602006689, 0.11343366778149387, 0.33054626532887404], "9": [0.0, 0.13740458015267176, 0.40458015267175573, 0.4580152671755725], "10": [0.05503355704697987, 0.11812080536912752, 0.4738255033557047, 0.3530201342281879], "11": [0.043478260869565216, 0.08695652173913043, 0.7391304347826086, 0.13043478260869565], "12": [0.08038485412787089, 0.23153320918684048, 0.20577281191806332, 0.4823091247672253], "13": [0.10272922416436676, 0.24133701318613923, 0.2594296228150874, 0.39650413983440663], "14": [0.013986013986013986, 0.05244755244755245, 0.6083916083916084, 0.32517482517482516], "15": [0.09427480916030534, 0.233587786259542, 0.366412213740458, 0.3057251908396947], "16": [0.07291666666666667, 0.19270833333333334, 0.5, 0.234375]}, "CU": {"0": [0.11502347417840375, 0.30985915492957744, 0.1619718309859155, 0.4131455399061033], "1": [0.15224358974358973, 0.3141025641025641, 0.15865384615384615, 0.375], "2": [0.1341772151898734, 0.2936708860759494, 0.1949367088607595, 0.37721518987341773], "3": [0.15411931818181818, 0.2755681818181818, 0.10227272727272728, 0.4680397727272727], "4": [0.18440261237034192, 0.3307721859393008, 0.11832500960430273, 0.36650019208605455], "5": [0.15946502057613168, 0.38425925925925924, 0.1728395061728395, 0.28343621399176955], "6": [0.11615900877645845, 0.2101187403200826, 0.22354155911202891, 0.45018069179143005], "7": [0.15109603340292277, 0.2727035490605428, 0.2168580375782881, 0.35934237995824636], "8": [0.125812167749557, 0.3257531010041347, 0.27997637330183106, 0.26845835794447725], "9": [0.14285714285714285, 0.0, 0.5714285714285714, 0.2857142857142857], "10": [0.08450704225352113, 0.2112676056338028, 0.2535211267605634, 0.4507042253521127], "11": [0.2857142857142857, 0.14285714285714285, 0.2857142857142857, 0.2857142857142857], "12": [0.06235011990407674, 0.15587529976019185, 0.26618705035971224, 0.5155875299760192], "13": [0.08373435996150144, 0.2699711260827719, 0.4167468719923003, 0.22954764196342636], "14": [0.004838709677419355, 0.01935483870967742, 0.7661290322580645, 0.20967741935483872], "15": [0.04966037735849057, 0.13192452830188678, 0.5841509433962264, 0.23426415094339623], "16": [0.02886710239651416, 0.07734204793028322, 0.8071895424836601, 0.08660130718954248]}}