{"FF": {"0": [0.0685595567867036, 0.18698060941828254, 0.26662049861495846, 0.4778393351800554], "1": [0.07339003645200486, 0.1730255164034022, 0.2899149453219927, 0.46366950182260025], "2": [0.07906137184115523, 0.1595667870036101, 0.29891696750902524, 0.4624548736462094], "3": [0.12872261875461483, 0.2535072606448437, 0.16317991631799164, 0.4545902042825498], "4": [0.13128901946382665, 0.2390745501285347, 0.17205288284979803, 0.45758354755784064], "5": [0.1161524500907441, 0.23541612652320457, 0.1858957739175525, 0.46253564946849884], "6": [0.16138165345413363, 0.3052095130237826, 0.11211778029445074, 0.42129105322763305], "7": [0.18442964196502915, 0.31099084096586177, 0.09908409658617819, 0.4054954204829309], "8": [0.1577981651376147, 0.308868501529052, 0.1235474006116208, 0.40978593272171254], "9": [0.014492753623188406, 0.036231884057971016, 0.6086956521739131, 0.34057971014492755], "10": [0.028474903474903474, 0.08832046332046332, 0.500965250965251, 0.38223938223938225], "11": [0.021505376344086023, 0.06451612903225806, 0.5268817204301075, 0.3870967741935484], "12": [0.0903677758318739, 0.21085814360770577, 0.21891418563922943, 0.4798598949211909], "13": [0.09069437883797828, 0.20122815304676428, 0.2446858762399622, 0.4633915918752952], "14": [0.045454545454545456, 0.10606060606060606, 0.5757575757575758, 0.2727272727272727], "15": [0.14682539682539683, 0.27976190476190477, 0.17063492063492064, 0.4027777777777778], "16": [0.16129032258064516, 0.12903225806451613, 0.4838709677419355, 0.22580645161290322]}, "SL": {"0": [0.09427609427609428, 0.18855218855218855, 0.30976430976430974, 0.4074074074074074], "1": [0.11158798283261803, 0.23390557939914164, 0.27896995708154504, 0.37553648068669526], "2": [0.06845238095238096, 0.2976190476190476, 0.20238095238095238, 0.43154761904761907], "3": [0.14315352697095435, 0.2645228215767635, 0.15975103734439833, 0.43257261410788383], "4": [0.15767131594906003, 0.33656761673741664, 0.12916919345057612, 0.37659187386294724], "5": [0.13454545454545455, 0.3115151515151515, 0.17393939393939395, 0.38], "6": [0.12416107382550336, 0.21644295302013422, 0.2802013422818792, 0.37919463087248323], "7": [0.14743263853584138, 0.2791052364006101, 0.22521606507371633, 0.3482460599898322], "8": [0.12079646017699115, 0.268141592920354, 0.3008849557522124, 0.3101769911504425], "9": [0.0, 0.0, 0.5, 0.5], "10": [0.030303030303030304, 0.09090909090909091, 0.5303030303030303, 0.3484848484848485], "11": [0.0, 0.0, 0.0, 1.0], "12": [0.052564102564102565, 0.16153846153846155, 0.3858974358974359, 0.4], "13": [0.06220546654099906, 0.17483506126295947, 0.45664467483506127, 0.3063147973609802], "14": [0.012797074954296161, 0.043875685557586835, 0.7952468007312614, 0.1480804387568556], "15": [0.0575591985428051, 0.14025500910746813, 0.5741347905282331, 0.22805100182149363], "16": [0.012544802867383513, 0.0528673835125448, 0.8297491039426523, 0.10483870967741936]}, "CH": {"0": [0.0847457627118644, 0.3135593220338983, 0.1694915254237288, 0.4322033898305085], "1": [0.18604651162790697, 0.23255813953488372, 0.2248062015503876, 0.35658914728682173], "2": [0.14814814814814814, 0.34074074074074073, 0.1259259259259259, 0.3851851851851852], "3": [0.15279503105590062, 0.3316770186335404, 0.15279503105590062, 0.3627329192546584], "4": [0.1686602870813397, 0.33133971291866027, 0.16507177033492823, 0.3349282296650718], "5": [0.1478494623655914, 0.3077956989247312, 0.21908602150537634, 0.32526881720430106], "6": [0.11283497884344147, 0.29901269393511987, 0.2693935119887165, 0.31875881523272215], "7": [0.13733905579399142, 0.2409564684242796, 0.32066217044757817, 0.30104230533415083], "8": [0.1274131274131274, 0.28494208494208495, 0.3250965250965251, 0.2625482625482625], "9": [0.0, 0.0, 0.0, 1.0], "10": [0.047619047619047616, 0.14285714285714285, 0.42857142857142855, 0.38095238095238093], "11": [0.2, 0.2, 0.2, 0.4], "12": [0.10214168039538715, 0.2742998352553542, 0.28665568369028005, 0.3369028006589786], "13": [0.1021377672209026, 0.2977038796516231, 0.31908155186064924, 0.281076801266825], "14": [0.051829268292682924, 0.13719512195121952, 0.6341463414634146, 0.17682926829268292], "15": [0.0524992140836215, 0.14995284501729017, 0.588808550770198, 0.20873939012889028], "16": [0.055970149253731345, 0.1417910447761194, 0.664179104477612, 0.13805970149253732]}, "FT": {"0": [0.08427876823338736, 0.22204213938411668, 0.22852512155591573, 0.4651539708265802], "1": [0.09070034443168772, 0.19058553386911595, 0.24913892078071181, 0.4695752009184845], "2": [0.08752025931928688, 0.1685575364667747, 0.2755267423014587, 0.4683954619124797], "3": [0.17539484621778886, 0.3025768911055694, 0.10723192019950124, 0.4147963424771405], "4": [0.18164435946462715, 0.3052899936265137, 0.1089866156787763, 0.4040790312300829], "5": [0.16155572176514585, 0.3462976813762154, 0.08975317875841436, 0.4023934181002244], "6": [0.19577464788732393, 0.35492957746478876, 0.09718309859154929, 0.352112676056338], "7": [0.19558676028084251, 0.3741223671013039, 0.07522567703109329, 0.3550651955867603], "8": [0.18322082931533268, 0.3471552555448409, 0.10318225650916105, 0.36644165863066536], "9": [0.05263157894736842, 0.0, 0.5263157894736842, 0.42105263157894735], "10": [0.037037037037037035, 0.10437710437710437, 0.5084175084175084, 0.3501683501683502], "11": [0.03225806451612903, 0.0967741935483871, 0.5161290322580645, 0.3548387096774194], "12": [0.11545988258317025, 0.2446183953033268, 0.19275929549902152, 0.4471624266144814], "13": [0.08503937007874016, 0.24488188976377953, 0.231496062992126, 0.4385826771653543], "14": [0.06060606060606061, 0.12121212121212122, 0.48484848484848486, 0.3333333333333333], "15": [0.1273344651952462, 0.28522920203735147, 0.30390492359932086, 0.2835314091680815], "16": [0.042105263157894736, 0.16842105263157894, 0.5578947368421052, 0.23157894736842105]}, "CU": {"0": [0.059322033898305086, 0.3050847457627119, 0.2033898305084746, 0.4322033898305085], "1": [0.14285714285714285, 0.3609022556390977, 0.15037593984962405, 0.3458646616541353], "2": [0.07894736842105263, 0.35526315789473684, 0.10526315789473684, 0.4605263157894737], "3": [0.17796610169491525, 0.3072033898305085, 0.13347457627118645, 0.3813559322033898], "4": [0.1926489226869455, 0.3612167300380228, 0.08365019011406843, 0.36248415716096327], "5": [0.12815884476534295, 0.3898916967509025, 0.1552346570397112, 0.3267148014440433], "6": [0.13748531139835488, 0.2878965922444183, 0.1927144535840188, 0.381903642773208], "7": [0.14055944055944056, 0.3027972027972028, 0.2076923076923077, 0.34895104895104895], "8": [0.11375661375661375, 0.2786596119929453, 0.2742504409171076, 0.3333333333333333], "9": [0.0, 0.0, 0.0, 1.0], "10": [0.09090909090909091, 0.2727272727272727, 0.18181818181818182, 0.45454545454545453], "11": [0.0, 1.0, 0.0, 0.0], "12": [0.11549295774647887, 0.22253521126760564, 0.29295774647887324, 0.36901408450704226], "13": [0.0625, 0.25183823529411764, 0.4209558823529412, 0.2647058823529412], "14": [0.016317016317016316, 0.04195804195804196, 0.8041958041958042, 0.13752913752913754], "15": [0.050072046109510084, 0.12752161383285301, 0.5731268011527377, 0.24927953890489912], "16": [0.012867647058823529, 0.07536764705882353, 0.7959558823529411, 0.11580882352941177]}}