{"FF": {"4a": [0.1423702020451514, 0.24317047868398953, 0.16511880650101268, 0.4493405127698464], "5a": [0.12060760770224702, 0.2025464057231099, 0.20799848728372886, 0.46884749929091424], "1a": [0.0867018997286102, 0.17654620768461649, 0.283316669047279, 0.45343522353949434], "3a": [0.15929525681627899, 0.3083979469258491, 0.10738597065996869, 0.42492082559790323], "7a": [0.19454672106677282, 0.30470693601353366, 0.10279629813911832, 0.39795004478057516], "0a": [0.08273399906866043, 0.2167434159466032, 0.24783980959279764, 0.45268277539193874], "2a": [0.08212585933368588, 0.15293495505023796, 0.31078794288736117, 0.454151242728715], "12a": [0.11008639423331744, 0.2871150686383633, 0.1267822123284041, 0.4760163247999152], "13a": [0.09536597908690932, 0.18227529855436833, 0.2716987600708531, 0.45065996228786925], "8a": [0.15626608337622233, 0.27952907874420996, 0.14339938239835306, 0.4208054554812146], "6a": [0.2003263656849794, 0.3336700598337089, 0.07622969927733313, 0.38977387520397855], "10a": [0.0402330743618202, 0.10580836108028117, 0.47160562338142803, 0.38235294117647056], "15a": [0.18806570566543748, 0.3315454240697285, 0.12336573918873617, 0.3570231310760979], "15b": [0.13322231473771856, 0.2585345545378851, 0.2622814321398834, 0.3459616985845129], "10b": [0.01973051010587103, 0.07218479307025986, 0.6179018286814244, 0.29018286814244465], "13b": [0.06523681858802502, 0.1447721179624665, 0.42359249329758714, 0.36639857015192134], "12b": [0.026151930261519303, 0.12453300124533001, 0.3138231631382316, 0.5354919053549191], "11b": [0.05422647527910686, 0.11164274322169059, 0.42105263157894735, 0.4130781499202552], "9a": [0.015734265734265736, 0.08216783216783216, 0.4965034965034965, 0.40559440559440557], "14b": [0.05439330543933055, 0.11715481171548117, 0.4309623430962343, 0.39748953974895396], "16b": [0.06118143459915612, 0.14345991561181434, 0.49156118143459915, 0.3037974683544304], "9b": [0.0023584905660377358, 0.04481132075471698, 0.5801886792452831, 0.37264150943396224]}, "SL": {"15a": [0.06494537305070501, 0.1478662806984779, 0.5734895881968438, 0.2136987580539733], "8a": [0.13194372068785826, 0.30505471599791556, 0.29947889525794685, 0.26352266805627933], "13a": [0.08788760289657734, 0.22368013863959893, 0.43628148789998145, 0.2521507705638423], "7a": [0.17152658662092624, 0.2959151261038053, 0.21104122990915444, 0.32151705736611397], "4a": [0.17633743303403004, 0.3135893759903418, 0.13845921678110618, 0.37161397419452197], "5a": [0.1430240710446366, 0.3221936589545844, 0.19030926228869674, 0.3444730077120823], "16a": [0.02494276418845644, 0.07651524280033739, 0.7978069646945415, 0.10073502831666466], "6a": [0.14418604651162792, 0.227061310782241, 0.20747004933051444, 0.42128259337561663], "3a": [0.16625615763546797, 0.2978756157635468, 0.10437192118226601, 0.4314963054187192], "12a": [0.06501151778858459, 0.1558740721781418, 0.2682364985922703, 0.5108779114410034], "1a": [0.10457516339869281, 0.22771241830065359, 0.27372549019607845, 0.39398692810457514], "2a": [0.10952380952380952, 0.23412698412698413, 0.2718253968253968, 0.38452380952380955], "14a": [0.0173235166738848, 0.0259852750108272, 0.75487223906453, 0.2018189692507579], "0a": [0.08902877697841727, 0.2045863309352518, 0.2630395683453237, 0.4433453237410072], "16b": [0.004633920296570899, 0.008341056533827619, 0.9657089898053753, 0.021316033364226137], "13b": [0.04095386210471747, 0.10212545360290305, 0.6982892690513219, 0.15863141524105753], "15b": [0.0024813895781637717, 0.008271298593879239, 0.9536807278742763, 0.03556658395368073], "12b": [0.023289665211062592, 0.09024745269286755, 0.45414847161572053, 0.43231441048034935], "14b": [0, 0.003395585738539898, 0.9507640067911715, 0.04584040747028863], "10b": [0.029801324503311258, 0.10927152317880795, 0.5761589403973509, 0.2847682119205298], "10a": [0.04710144927536232, 0.10507246376811594, 0.5, 0.34782608695652173], "9b": [0.04878048780487805, 0.0975609756097561, 0.5365853658536586, 0.3170731707317073], "11b": [0, 0.08333333333333333, 0.3333333333333333, 0.5833333333333334]}, "FT": {"12a": [0.09777552228706758, 0.25924046350334096, 0.164679015478305, 0.47830499873128646], "4a": [0.2021256405390017, 0.33867906623647753, 0.09043461757449231, 0.36876067565002846], "3a": [0.2002682624845233, 0.3764960792406108, 0.059120924473792816, 0.36411473380107306], "7a": [0.2190166142792995, 0.3657386618769645, 0.08015267175572519, 0.3350920520880108], "5a": [0.17885337129545748, 0.2954574867348259, 0.11621586644234502, 0.40947327552737156], "6a": [0.17558462148236226, 0.3177434271370062, 0.11348923239529661, 0.3931827189853349], "8a": [0.18876012065407208, 0.37783775202413084, 0.09906334338783934, 0.3343387839339578], "1a": [0.12428759316089434, 0.2498903989478299, 0.18982902235861465, 0.43599298553266114], "13a": [0.12622720897615708, 0.27653108929406267, 0.18910705937353903, 0.40813464235624125], "0a": [0.11365244046215515, 0.2919122848384815, 0.1549162933270455, 0.4395189813723179], "15a": [0.1224390243902439, 0.2731707317073171, 0.26439024390243904, 0.34], "2a": [0.11766903249906611, 0.20732162868883078, 0.23870003735524842, 0.4363093014568547], "13b": [0.07775020678246485, 0.1869313482216708, 0.3465674110835401, 0.38875103391232424], "12b": [0.027566539923954372, 0.11406844106463879, 0.4134980988593156, 0.4448669201520912], "15b": [0.05067985166872682, 0.12360939431396786, 0.584672435105068, 0.24103831891223734], "10b": [0.04736129905277402, 0.11231393775372124, 0.4817320703653586, 0.35859269282814615], "10a": [0.08916083916083917, 0.15734265734265734, 0.34440559440559443, 0.4090909090909091], "14a": [0.0327455919395466, 0.08060453400503778, 0.5113350125944585, 0.37531486146095716], "16b": [0.07096774193548387, 0.1967741935483871, 0.5129032258064516, 0.21935483870967742], "14b": [0.022813688212927757, 0.04182509505703422, 0.6768060836501901, 0.2585551330798479], "9a": [0.011904761904761904, 0.125, 0.375, 0.4880952380952381], "9b": [0, 0.08035714285714286, 0.4017857142857143, 0.5178571428571429], "11b": [0.0425531914893617, 0.1276595744680851, 0.6382978723404256, 0.19148936170212766]}, "CH": {"15a": [0.07125840807174888, 0.16746076233183857, 0.5179372197309418, 0.24334360986547085], "7a": [0.1509968725566849, 0.25498436278342457, 0.28704065676309615, 0.30697810789679436], "8a": [0.13538430704479407, 0.3334001402946187, 0.288906704078565, 0.24230884858202226], "13a": [0.11823155074243609, 0.3140560455509657, 0.2903874064977113, 0.2773249972088869], "5a": [0.16642685851318945, 0.3563549160671463, 0.18273381294964028, 0.294484412470024], "6a": [0.10770279481935924, 0.16939331970006816, 0.293626448534424, 0.4292774369461486], "4a": [0.19191564147627416, 0.3022847100175747, 0.1641476274165202, 0.34165202108963094], "3a": [0.15511921458625527, 0.23899018232819075, 0.14698457223001402, 0.45890603085554], "12a": [0.06251800633823106, 0.15730337078651685, 0.24258138864880438, 0.5375972342264477], "15b": [0.01556420233463035, 0.057392996108949414, 0.8151750972762646, 0.11186770428015565], "16a": [0.06288601909039865, 0.18528916339135318, 0.5884334643458731, 0.16339135317237508], "2a": [0.14754098360655737, 0.3025335320417288, 0.20342771982116245, 0.3464977645305514], "1a": [0.1689419795221843, 0.27559726962457337, 0.15017064846416384, 0.4052901023890785], "0a": [0.13590033975084936, 0.25141562853907135, 0.15288788221970556, 0.45979614949037373], "13b": [0.08353808353808354, 0.1769041769041769, 0.44717444717444715, 0.29238329238329236], "14a": [0.02711323763955343, 0.044657097288676235, 0.6251993620414673, 0.30303030303030304], "12b": [0.03282275711159737, 0.08971553610503283, 0.3304157549234136, 0.5470459518599562], "16b": [0.03773584905660377, 0.059748427672955975, 0.8333333333333334, 0.06918238993710692], "10b": [0.10454545454545454, 0.16818181818181818, 0.33636363636363636, 0.39090909090909093], "14b": [0.0070921985815602835, 0.014184397163120567, 0.8156028368794326, 0.16312056737588654],