{"FF": {"0": [0.0685595567867036, 0.2773545706371191, 0.46225761772853186, 0.19182825484764543], "1": [0.07339003645200486, 0.2634264884568651, 0.48383961117861485, 0.1793438639125152], "2": [0.07906137184115523, 0.275812274368231, 0.44620938628158846, 0.19891696750902527], "3": [0.12872261875461483, 0.30027073590942654, 0.4373615555008614, 0.1336450898350972], "4": [0.13128901946382665, 0.28442893867058394, 0.44638266617701067, 0.13789937568857877], "5": [0.1161524500907441, 0.29064039408866993, 0.44490536686543947, 0.14830178895514648], "6": [0.16138165345413363, 0.332955832389581, 0.3912797281993205, 0.1143827859569649], "7": [0.18442964196502915, 0.33680266444629475, 0.3605328892589509, 0.11823480432972523], "8": [0.1577981651376147, 0.3498470948012232, 0.3480122324159021, 0.14434250764525994], "9": [0.014492753623188406, 0.4057971014492754, 0.3695652173913043, 0.21014492753623187], "10": [0.028474903474903474, 0.3556949806949807, 0.3638996138996139, 0.2519305019305019], "11": [0.021505376344086023, 0.45161290322580644, 0.21505376344086022, 0.3118279569892473], "12": [0.0903677758318739, 0.2956217162872154, 0.4381786339754816, 0.17583187390542906], "13": [0.09069437883797828, 0.32593292394898443, 0.3641946150212565, 0.2191780821917808], "14": [0.045454545454545456, 0.30303030303030304, 0.5909090909090909, 0.06060606060606061], "15": [0.14682539682539683, 0.3353174603174603, 0.38492063492063494, 0.13293650793650794], "16": [0.16129032258064516, 0.3225806451612903, 0.41935483870967744, 0.0967741935483871]}, "SL": {"0": [0.09427609427609428, 0.31986531986531985, 0.39057239057239057, 0.19528619528619529], "1": [0.11158798283261803, 0.315450643776824, 0.4248927038626609, 0.148068669527897], "2": [0.06845238095238096, 0.3898809523809524, 0.3541666666666667, 0.1875], "3": [0.14315352697095435, 0.3153526970954357, 0.3817427385892116, 0.15975103734439833], "4": [0.15767131594906003, 0.37355973317161917, 0.34505761067313523, 0.12371134020618557], "5": [0.13454545454545455, 0.3593939393939394, 0.3484848484848485, 0.15757575757575756], "6": [0.12416107382550336, 0.311241610738255, 0.39429530201342283, 0.17030201342281878], "7": [0.14743263853584138, 0.3518047788510422, 0.3619725470259278, 0.1387900355871886], "8": [0.12079646017699115, 0.3601769911504425, 0.3787610619469027, 0.14026548672566372], "9": [0.0, 0.25, 0.75, 0.0], "10": [0.030303030303030304, 0.36363636363636365, 0.4393939393939394, 0.16666666666666666], "11": [0.0, 0.0, 1.0, 0.0], "12": [0.052564102564102565, 0.33076923076923076, 0.38076923076923075, 0.2358974358974359], "13": [0.06220546654099906, 0.35485391140433553, 0.413760603204524, 0.1691800188501414], "14": [0.012797074954296161, 0.49177330895795246, 0.3875685557586837, 0.10786106032906764], "15": [0.0575591985428051, 0.40619307832422585, 0.40255009107468126, 0.1336976320582878], "16": [0.012544802867383513, 0.49193548387096775, 0.41935483870967744, 0.07616487455197132]}, "CH": {"0": [0.0847457627118644, 0.3728813559322034, 0.4067796610169492, 0.13559322033898305], "1": [0.18604651162790697, 0.2868217054263566, 0.43410852713178294, 0.09302325581395349], "2": [0.14814814814814814, 0.37037037037037035, 0.3851851851851852, 0.0962962962962963], "3": [0.15279503105590062, 0.3627329192546584, 0.36149068322981365, 0.12298136645962733], "4": [0.1686602870813397, 0.37679425837320574, 0.36483253588516745, 0.08971291866028708], "5": [0.1478494623655914, 0.33736559139784944, 0.4260752688172043, 0.08870967741935484], "6": [0.11283497884344147, 0.37799717912552894, 0.39492242595204513, 0.11424541607898449], "7": [0.13733905579399142, 0.31637032495401596, 0.4580012262415696, 0.08828939301042306], "8": [0.1274131274131274, 0.3613899613899614, 0.42393822393822395, 0.08725868725868725], "9": [0.0, 0.0, 0.3333333333333333, 0.6666666666666666], "10": [0.047619047619047616, 0.38095238095238093, 0.42857142857142855, 0.14285714285714285], "11": [0.2, 0.4, 0.4, 0.0], "12": [0.10214168039538715, 0.37891268533772654, 0.3401976935749588, 0.1787479406919275], "13": [0.1021377672209026, 0.40221694378463974, 0.3760886777513856, 0.11955661124307206], "14": [0.051829268292682924, 0.49390243902439024, 0.3353658536585366, 0.11890243902439024], "15": [0.0524992140836215, 0.3876139578748821, 0.45834643193964164, 0.10154039610185477], "16": [0.055970149253731345, 0.4253731343283582, 0.417910447761194, 0.10074626865671642]}, "FT": {"0": [0.08427876823338736, 0.31280388978930307, 0.38087520259319285, 0.22204213938411668], "1": [0.09070034443168772, 0.2835820895522388, 0.39150401836969, 0.23421354764638347], "2": [0.08752025931928688, 0.28038897893030795, 0.42787682333873583, 0.20421393841166938], "3": [0.17539484621778886, 0.33000831255195345, 0.35245220282626766, 0.14214463840399003], "4": [0.18164435946462715, 0.3365200764818356, 0.35372848948374763, 0.12810707456978968], "5": [0.16155572176514585, 0.3679880329094989, 0.3537771129394166, 0.11667913238593867], "6": [0.19577464788732393, 0.3957746478873239, 0.31408450704225355, 0.09436619718309859], "7": [0.19558676028084251, 0.39117352056168503, 0.3279839518555667, 0.08525576730190572], "8": [0.18322082931533268, 0.36933461909353904, 0.35390549662487947, 0.0935390549662488], "9": [0.05263157894736842, 0.2631578947368421, 0.3684210526315789, 0.3157894736842105], "10": [0.037037037037037035, 0.3872053872053872, 0.3367003367003367, 0.23905723905723905], "11": [0.03225806451612903, 0.3225806451612903, 0.4838709677419355, 0.16129032258064516], "12": [0.11545988258317025, 0.312133072407045, 0.42661448140900193, 0.14579256360078277], "13": [0.08503937007874016, 0.31417322834645667, 0.4511811023622047, 0.14960629921259844], "14": [0.06060606060606061, 0.3939393939393939, 0.3939393939393939, 0.15151515151515152], "15": [0.1273344651952462, 0.3633276740237691, 0.40237691001697795, 0.10696095076400679], "16": [0.042105263157894736, 0.3684210526315789, 0.5052631578947369, 0.08421052631578947]}, "CU": {"0": [0.059322033898305086, 0.4152542372881356, 0.23728813559322035, 0.288135593220339], "1": [0.14285714285714285, 0.42105263157894735, 0.3233082706766917, 0.11278195488721804], "2": [0.07894736842105263, 0.39473684210526316, 0.2236842105263158, 0.3026315789473684], "3": [0.17796610169491525, 0.3686440677966102, 0.2605932203389831, 0.19279661016949154], "4": [0.1926489226869455, 0.39543726235741444, 0.2534854245880862, 0.15842839036755388], "5": [0.12815884476534295, 0.4620938628158845, 0.27256317689530685, 0.1371841155234657], "6": [0.13748531139835488, 0.3607520564042303, 0.30552291421856637, 0.19623971797884843], "7": [0.14055944055944056, 0.3958041958041958, 0.3041958041958042, 0.15944055944055943], "8": [0.11375661375661375, 0.3897707231040564, 0.3350970017636684, 0.16137566137566137], "9": [0.0, 0.0, 0.0, 1.0], "10": [0.09090909090909091, 0.2727272727272727, 0.2727272727272727, 0.36363636363636365], "11": [0.0, 1.0, 0.0, 0.0], "12": [0.11549295774647887, 0.3436619718309859, 0.29014084507042254, 0.2507042253521127], "13": [0.0625, 0.4485294117647059, 0.32169117647058826, 0.16727941176470587], "14": [0.016317016317016316, 0.5734265734265734, 0.31934731934731936, 0.09090909090909091], "15": [0.050072046109510084, 0.43948126801152737, 0.348342939481268, 0.16210374639769454], "16": [0.012867647058823529, 0.5551470588235294, 0.34375, 0.08823529411764706]}}