{"FF": {"0a": [0.08273399906866043, 0.2167434159466032, 0.24783980959279764, 0.45268277539193874], "1a": [0.0867018997286102, 0.17654620768461649, 0.283316669047279, 0.45343522353949434], "2a": [0.08212585933368588, 0.15293495505023796, 0.31078794288736117, 0.454151242728715], "3a": [0.15929525681627899, 0.3083979469258491, 0.10738597065996869, 0.42492082559790323], "4a": [0.1423702020451514, 0.24317047868398953, 0.16511880650101268, 0.4493405127698464], "5a": [0.12060760770224702, 0.2025464057231099, 0.20799848728372886, 0.46884749929091424], "6a": [0.2003263656849794, 0.3336700598337089, 0.07622969927733313, 0.38977387520397855], "7a": [0.19454672106677282, 0.30470693601353366, 0.10279629813911832, 0.39795004478057516], "8a": [0.15626608337622233, 0.27952907874420996, 0.14339938239835306, 0.4208054554812146], "9a": [0.015734265734265736, 0.08216783216783216, 0.4965034965034965, 0.40559440559440557], "9b": [0.0023584905660377358, 0.04481132075471698, 0.5801886792452831, 0.37264150943396224], "10a": [0.0402330743618202, 0.10580836108028117, 0.47160562338142803, 0.38235294117647056], "10b": [0.01973051010587103, 0.07218479307025986, 0.6179018286814244, 0.29018286814244465], "11b": [0.05422647527910686, 0.11164274322169059, 0.42105263157894735, 0.4130781499202552], "12a": [0.11008639423331744, 0.2871150686383633, 0.1267822123284041, 0.4760163247999152], "12b": [0.026151930261519303, 0.12453300124533001, 0.3138231631382316, 0.5354919053549191], "13a": [0.09536597908690932, 0.18227529855436833, 0.2716987600708531, 0.45065996228786925], "13b": [0.06523681858802502, 0.1447721179624665, 0.42359249329758714, 0.36639857015192134], "14b": [0.05439330543933055, 0.11715481171548117, 0.4309623430962343, 0.39748953974895396], "15a": [0.18806570566543748, 0.3315454240697285, 0.12336573918873617, 0.3570231310760979], "15b": [0.13322231473771856, 0.2585345545378851, 0.2622814321398834, 0.3459616985845129], "16b": [0.06118143459915612, 0.14345991561181434, 0.49156118143459915, 0.3037974683544304]}, "SL": {"0a": [0.08902877697841727, 0.2045863309352518, 0.2630395683453237, 0.4433453237410072], "1a": [0.10457516339869281, 0.22771241830065359, 0.27372549019607845, 0.39398692810457514], "2a": [0.10952380952380952, 0.23412698412698413, 0.2718253968253968, 0.38452380952380955], "3a": [0.16625615763546797, 0.2978756157635468, 0.10437192118226601, 0.4314963054187192], "4a": [0.17633743303403004, 0.3135893759903418, 0.13845921678110618, 0.37161397419452197], "5a": [0.1430240710446366, 0.3221936589545844, 0.19030926228869674, 0.3444730077120823], "6a": [0.14418604651162792, 0.227061310782241, 0.20747004933051444, 0.42128259337561663], "7a": [0.17152658662092624, 0.2959151261038053, 0.21104122990915444, 0.32151705736611397], "8a": [0.13194372068785826, 0.30505471599791556, 0.29947889525794685, 0.26352266805627933], "9b": [0.04878048780487805, 0.0975609756097561, 0.5365853658536586, 0.3170731707317073], "10a": [0.04710144927536232, 0.10507246376811594, 0.5, 0.34782608695652173], "10b": [0.029801324503311258, 0.10927152317880795, 0.5761589403973509, 0.2847682119205298], "11b": [0.0, 0.08333333333333333, 0.3333333333333333, 0.5833333333333334], "12a": [0.06501151778858459, 0.1558740721781418, 0.2682364985922703, 0.5108779114410034], "12b": [0.023289665211062592, 0.09024745269286755, 0.45414847161572053, 0.43231441048034935], "13a": [0.08788760289657734, 0.22368013863959893, 0.43628148789998145, 0.2521507705638423], "13b": [0.04095386210471747, 0.10212545360290305, 0.6982892690513219, 0.15863141524105753], "14a": [0.0173235166738848, 0.0259852750108272, 0.75487223906453, 0.2018189692507579], "14b": [0.0, 0.003395585738539898, 0.9507640067911715, 0.04584040747028863], "15a": [0.06494537305070501, 0.1478662806984779, 0.5734895881968438, 0.2136987580539733], "15b": [0.0024813895781637717, 0.008271298593879239, 0.9536807278742763, 0.03556658395368073], "16a": [0.02494276418845644, 0.07651524280033739, 0.7978069646945415, 0.10073502831666466], "16b": [0.004633920296570899, 0.008341056533827619, 0.9657089898053753, 0.021316033364226137]}, "CU": {"0a": [0.1287779237844941, 0.316688567674113, 0.14060446780551905, 0.41392904073587383], "1a": [0.15480132450331127, 0.30049668874172186, 0.14735099337748345, 0.3973509933774834], "2a": [0.14246196403872752, 0.301521438450899, 0.17289073305670816, 0.3831258644536653], "3a": [0.18487727632620743, 0.276326207442597, 0.0934283452098179, 0.44536817102137766], "4a": [0.20756320373911197, 0.3290843424686637, 0.10749946887614191, 0.3558529849160824], "5a": [0.18151166057881427, 0.37060972183197527, 0.1550997471199775, 0.29277887046923295], "6a": [0.1355362643517222, 0.208345001400168, 0.20806496779613554, 0.44805376645197426], "7a": [0.1683082271147161, 0.28635573580533025, 0.19727694090382386, 0.3480590961761298], "8a": [0.14264753831105315, 0.3381154222367134, 0.24845125529833714, 0.2707857841538963], "9b": [0.058823529411764705, 0.11764705882352941, 0.4117647058823529, 0.4117647058823529], "10b": [0.10344827586206896, 0.22758620689655173, 0.2896551724137931, 0.3793103448275862], "11b": [0.2, 0.1, 0.3, 0.4], "12a": [0.07371556217423679, 0.15785554728220402, 0.24274013402829486, 0.5256887565152644], "12b": [0.0392156862745098, 0.1568627450980392, 0.27450980392156865, 0.5294117647058824], "13a": [0.10682662096543845, 0.2870608397600686, 0.36246786632390743, 0.24364467295058553], "13b": [0.06424581005586592, 0.18994413407821228, 0.5335195530726257, 0.2122905027932961], "14a": [0.023591087811271297, 0.03407601572739188, 0.6474442988204456, 0.2948885976408912], "14b": [0.002277904328018223, 0.01366742596810934, 0.8952164009111617, 0.0888382687927107], "15a": [0.06133021390374332, 0.15065173796791445, 0.5346758021390374, 0.2533422459893048], "15b": [0.0021413276231263384, 0.004282655246252677, 0.9593147751605996, 0.034261241970021415], "16a": [0.05417956656346749, 0.1346749226006192, 0.6780185758513931, 0.13312693498452013], "16b": [0.012151536812008578, 0.020014295925661188, 0.9292351679771265, 0.03859899928520372]}, "CH": {"0a": [0.13590033975084936, 0.25141562853907135, 0.15288788221970556, 0.45979614949037373], "1a": [0.1689419795221843, 0.27559726962457337, 0.15017064846416384, 0.4052901023890785], "2a": [0.14754098360655737, 0.3025335320417288, 0.20342771982116245, 0.3464977645305514], "3a": [0.15511921458625527, 0.23899018232819075, 0.14698457223001402, 0.45890603085554], "4a": [0.19191564147627416, 0.3022847100175747, 0.1641476274165202, 0.34165202108963094], "5a": [0.16642685851318945, 0.3563549160671463, 0.18273381294964028, 0.294484412470024], "6a": [0.10770279481935924, 0.16939331970006816, 0.293626448534424, 0.4292774369461486], "7a": [0.1509968725566849, 0.25498436278342457, 0.28704065676309615, 0.30697810789679436], "8a": [0.13538430704479407, 0.3334001402946187, 0.288906704078565, 0.24230884858202226], "9b": [0.018518518518518517, 0.09259259259259259, 0.4074074074074074, 0.48148148148148145], "10b": [0.10454545454545454, 0.16818181818181818, 0.33636363636363636, 0.39090909090909093], "11b": [0.1282051282051282, 0.1794871794871795, 0.38461538461538464, 0.3076923076923077], "12a": [0.06251800633823106, 0.15730337078651685, 0.24258138864880438, 0.5375972342264477], "12b": [0.03282275711159737, 0.08971553610503283, 0.3304157549234136, 0.5470459518599562], "13a": [0.11823155074243609, 0.3140560455509657, 0.2903874064977113, 0.2773249972088869], "13b": [0.08353808353808354, 0.1769041769041769, 0.44717444717444715, 0.29238329238329236], "14a": [0.02711323763955343, 0.044657097288676235, 0.6251993620414673, 0.30303030303030304], "14b": [0.0070921985815602835, 0.014184397163120567, 0.8156028368794326, 0.16312056737588654], "15a": [0.07125840807174888, 0.16746076233183857, 0.5179372197309418, 0.24334360986547085], "15b": [0.01556420233463035, 0.057392996108949414, 0.8151750972762646, 0.11186770428015565], "16a": [0.06288601909039865, 0.18528916339135318, 0.5884334643458731, 0.16339135317237508],