{"FF": {"0": [0.08273399906866043, 0.2167434159466032, 0.24783980959279764, 0.45268277539193874], "1": [0.0867018997286102, 0.17654620768461649, 0.283316669047279, 0.45343522353949434], "2": [0.08212585933368588, 0.15293495505023796, 0.31078794288736117, 0.454151242728715], "3": [0.15929525681627899, 0.3083979469258491, 0.10738597065996869, 0.42492082559790323], "4": [0.1423702020451514, 0.24317047868398953, 0.16511880650101268, 0.4493405127698464], "5": [0.12060760770224702, 0.2025464057231099, 0.20799848728372886, 0.46884749929091424], "6": [0.2003263656849794, 0.3336700598337089, 0.07622969927733313, 0.38977387520397855], "7": [0.19454672106677282, 0.30470693601353366, 0.10279629813911832, 0.39795004478057516], "8": [0.15626608337622233, 0.27952907874420996, 0.14339938239835306, 0.4208054554812146], "9": [0.010040160642570281, 0.06626506024096386, 0.5321285140562249, 0.39156626506024095], "10": [0.036927851047323504, 0.10038789759503491, 0.4951900698215671, 0.3674941815360745], "11": [0.05422647527910686, 0.11164274322169059, 0.42105263157894735, 0.4130781499202552], "12": [0.10665988815455008, 0.2804778851042196, 0.1344178952719878, 0.4784443314692425], "13": [0.09355531686358753, 0.18002148227712136, 0.2808270676691729, 0.44559613319011815], "14": [0.05439330543933055, 0.11715481171548117, 0.4309623430962343, 0.39748953974895396], "15": [0.16360259981429898, 0.2989786443825441, 0.18532961931290623, 0.3520891364902507], "16": [0.06118143459915612, 0.14345991561181434, 0.49156118143459915, 0.3037974683544304]}, "SL": {"0": [0.08902877697841727, 0.2045863309352518, 0.2630395683453237, 0.4433453237410072], "1": [0.10457516339869281, 0.22771241830065359, 0.27372549019607845, 0.39398692810457514], "2": [0.10952380952380952, 0.23412698412698413, 0.2718253968253968, 0.38452380952380955], "3": [0.16625615763546797, 0.2978756157635468, 0.10437192118226601, 0.4314963054187192], "4": [0.17633743303403004, 0.3135893759903418, 0.13845921678110618, 0.37161397419452197], "5": [0.1430240710446366, 0.3221936589545844, 0.19030926228869674, 0.3444730077120823], "6": [0.14418604651162792, 0.227061310782241, 0.20747004933051444, 0.42128259337561663], "7": [0.17152658662092624, 0.2959151261038053, 0.21104122990915444, 0.32151705736611397], "8": [0.13194372068785826, 0.30505471599791556, 0.29947889525794685, 0.26352266805627933], "9": [0.04878048780487805, 0.0975609756097561, 0.5365853658536586, 0.3170731707317073], "10": [0.03806228373702422, 0.10726643598615918, 0.5397923875432526, 0.314878892733564], "11": [0.0, 0.08333333333333333, 0.3333333333333333, 0.5833333333333334], "12": [0.0587723117109273, 0.14606007836308227, 0.29603831084022636, 0.49912929908576403], "13": [0.08288178701758266, 0.21071547052969147, 0.4642264735154263, 0.24217626893729957], "14": [0.013802622498274672, 0.02139406487232574, 0.7946859903381642, 0.17011732229123533], "15": [0.061607813673929375, 0.1404074777920184, 0.5938038626419764, 0.20418084589207583], "16": [0.020751649612699628, 0.0624462082815339, 0.8324567275509228, 0.08434541455484365]}, "CH": {"0": [0.13590033975084936, 0.25141562853907135, 0.15288788221970556, 0.45979614949037373], "1": [0.1689419795221843, 0.27559726962457337, 0.15017064846416384, 0.4052901023890785], "2": [0.14754098360655737, 0.3025335320417288, 0.20342771982116245, 0.3464977645305514], "3": [0.15511921458625527, 0.23899018232819075, 0.14698457223001402, 0.45890603085554], "4": [0.19191564147627416, 0.3022847100175747, 0.1641476274165202, 0.34165202108963094], "5": [0.16642685851318945, 0.3563549160671463, 0.18273381294964028, 0.294484412470024], "6": [0.10770279481935924, 0.16939331970006816, 0.293626448534424, 0.4292774369461486], "7": [0.1509968725566849, 0.25498436278342457, 0.28704065676309615, 0.30697810789679436], "8": [0.13538430704479407, 0.3334001402946187, 0.288906704078565, 0.24230884858202226], "9": [0.018518518518518517, 0.09259259259259259, 0.4074074074074074, 0.48148148148148145], "10": [0.10454545454545454, 0.16818181818181818, 0.33636363636363636, 0.39090909090909093], "11": [0.1282051282051282, 0.1794871794871795, 0.38461538461538464, 0.3076923076923077], "12": [0.059063136456211814, 0.1494399185336049, 0.25280040733197556, 0.5386965376782077], "13": [0.11534131613959676, 0.302630232320131, 0.30344898168048307, 0.27857946985978915], "14": [0.0234375, 0.0390625, 0.66015625, 0.27734375], "15": [0.06424546790788829, 0.15360117589416952, 0.5553650171484567, 0.22678833904948556], "16": [0.05907575035731301, 0.16626965221534065, 0.6255359695092901, 0.14911862791805622]}, "FT": {"0": [0.11365244046215515, 0.2919122848384815, 0.1549162933270455, 0.4395189813723179], "1": [0.12428759316089434, 0.2498903989478299, 0.18982902235861465, 0.43599298553266114], "2": [0.11766903249906611, 0.20732162868883078, 0.23870003735524842, 0.4363093014568547], "3": [0.2002682624845233, 0.3764960792406108, 0.059120924473792816, 0.36411473380107306], "4": [0.2021256405390017, 0.33867906623647753, 0.09043461757449231, 0.36876067565002846], "5": [0.17885337129545748, 0.2954574867348259, 0.11621586644234502, 0.40947327552737156], "6": [0.17558462148236226, 0.3177434271370062, 0.11348923239529661, 0.3931827189853349], "7": [0.2190166142792995, 0.3657386618769645, 0.08015267175572519, 0.3350920520880108], "8": [0.18876012065407208, 0.37783775202413084, 0.09906334338783934, 0.3343387839339578], "9": [0.007142857142857143, 0.10714285714285714, 0.38571428571428573, 0.5], "10": [0.06559877955758962, 0.13196033562166284, 0.42181540808543094, 0.38062547673531655], "11": [0.0425531914893617, 0.1276595744680851, 0.6382978723404256, 0.19148936170212766], "12": [0.09203883495145632, 0.24737864077669902, 0.18500970873786407, 0.47557281553398056], "13": [0.11554583561144523, 0.2567887734645526, 0.22380171314014943, 0.40386367778385274], "14": [0.02878787878787879, 0.06515151515151515, 0.5772727272727273, 0.3287878787878788], "15": [0.11061315950295376, 0.2485231207985333, 0.3171725402322265, 0.3236911794662864], "16": [0.07096774193548387, 0.1967741935483871, 0.5129032258064516, 0.21935483870967742]}, "CU": {"0": [0.1287779237844941, 0.316688567674113, 0.14060446780551905, 0.41392904073587383], "1": [0.15480132450331127, 0.30049668874172186, 0.14735099337748345, 0.3973509933774834], "2": [0.14246196403872752, 0.301521438450899, 0.17289073305670816, 0.3831258644536653], "3": [0.18487727632620743, 0.276326207442597, 0.0934283452098179, 0.44536817102137766], "4": [0.20756320373911197, 0.3290843424686637, 0.10749946887614191, 0.3558529849160824], "5": [0.18151166057881427, 0.37060972183197527, 0.1550997471199775, 0.29277887046923295], "6": [0.1355362643517222, 0.208345001400168, 0.20806496779613554, 0.44805376645197426], "7": [0.1683082271147161, 0.28635573580533025, 0.19727694090382386, 0.3480590961761298], "8": [0.14264753831105315, 0.3381154222367134, 0.24845125529833714, 0.2707857841538963], "9": [0.058823529411764705, 0.11764705882352941, 0.4117647058823529, 0.4117647058823529], "10": [0.10344827586206896, 0.22758620689655173, 0.2896551724137931, 0.3793103448275862], "11": [0.2, 0.1, 0.3, 0.4], "12": [0.0691661279896574, 0.1577246283128636, 0.24692954104718812, 0.5261797026502909], "13": [0.10287639284788805, 0.27805130862917854, 0.37833635656905934, 0.24073594195387407], "14": [0.015806988352745424, 0.026622296173044926, 0.737936772046589, 0.21963394342762063], "15": [0.05910735826296743, 0.1451548049859268, 0.5506232408524326, 0.2451145958986731], "16": [0.036559784237338924, 0.0866047347917291, 0.7833383278393767, 0.0934971531315553]}}