{"FF": {"0": [0.06523468575974542, 0.2386634844868735, 0.23707239459029436, 0.4590294351630867], "1": [0.06851549755301795, 0.1729200652528548, 0.3012506797172376, 0.4573137574768896], "2": [0.06379585326953748, 0.14114832535885166, 0.35007974481658694, 0.4449760765550239], "3": [0.13023255813953488, 0.32906976744186045, 0.11046511627906977, 0.43023255813953487], "4": [0.12061131763733994, 0.25609252375051633, 0.17596034696406443, 0.4473358116480793], "5": [0.09528851244044469, 0.19481206987824246, 0.23928004235044997, 0.4706193753308629], "6": [0.16115107913669063, 0.339568345323741, 0.08633093525179857, 0.41294964028776976], "7": [0.172, 0.341, 0.093, 0.394], "8": [0.13451776649746192, 0.2880710659898477, 0.15228426395939088, 0.4251269035532995], "9": [0.014285714285714285, 0.014285714285714285, 0.6428571428571429, 0.32857142857142857], "10": [0.024757804090419805, 0.08288482238966631, 0.5339074273412271, 0.35844994617868675], "11": [0.01818181818181818, 0.05454545454545454, 0.5454545454545454, 0.38181818181818183], "12": [0.08726415094339622, 0.2696540880503145, 0.1391509433962264, 0.5039308176100629], "13": [0.08720379146919431, 0.15924170616113745, 0.30995260663507107, 0.44360189573459713], "14": [0.03225806451612903, 0.06451612903225806, 0.5806451612903226, 0.3225806451612903], "15": [0.1291866028708134, 0.27751196172248804, 0.19138755980861244, 0.4019138755980861], "16": [0.21428571428571427, 0.21428571428571427, 0.2857142857142857, 0.2857142857142857]}, "SL": {"0": [0.07947019867549669, 0.1986754966887417, 0.31125827814569534, 0.4105960264900662], "1": [0.10822510822510822, 0.22943722943722944, 0.29004329004329005, 0.3722943722943723], "2": [0.06944444444444445, 0.2847222222222222, 0.2708333333333333, 0.375], "3": [0.12280701754385964, 0.27631578947368424, 0.1337719298245614, 0.46710526315789475], "4": [0.14437869822485208, 0.3431952662721893, 0.1408284023668639, 0.3715976331360947], "5": [0.12829324169530354, 0.3333333333333333, 0.20962199312714777, 0.32875143184421535], "6": [0.11805555555555555, 0.16493055555555555, 0.3020833333333333, 0.4149305555555556], "7": [0.13225499524262607, 0.27402473834443386, 0.23786869647954328, 0.3558515699333968], "8": [0.11544715447154472, 0.3097560975609756, 0.3170731707317073, 0.2577235772357724], "9": [0.0, 0.0, 0.5, 0.5], "10": [0.0, 0.1111111111111111, 0.5925925925925926, 0.2962962962962963], "11": [0, 0, 0, 0], "12": [0.02535211267605634, 0.13802816901408452, 0.3971830985915493, 0.4394366197183099], "13": [0.0683982683982684, 0.19393939393939394, 0.49004329004329006, 0.24761904761904763], "14": [0.007272727272727273, 0.01818181818181818, 0.8218181818181818, 0.15272727272727274], "15": [0.04962095106822881, 0.13232253618194348, 0.600275671950379, 0.21778084079944865], "16": [0.014173228346456693, 0.06771653543307087, 0.8125984251968504, 0.10551181102362205]}, "CH": {"0": [0.06666666666666667, 0.26666666666666666, 0.2, 0.4666666666666667], "1": [0.2, 0.23076923076923078, 0.27692307692307694, 0.2923076923076923], "2": [0.08333333333333333, 0.39285714285714285, 0.15476190476190477, 0.36904761904761907], "3": [0.09826589595375723, 0.2543352601156069, 0.15606936416184972, 0.4913294797687861], "4": [0.15675675675675677, 0.327027027027027, 0.1945945945945946, 0.3216216216216216], "5": [0.12474849094567404, 0.3501006036217304, 0.23943661971830985, 0.2857142857142857], "6": [0.09046454767726161, 0.18337408312958436, 0.3056234718826406, 0.42053789731051344], "7": [0.12552891396332863, 0.2157968970380818, 0.35966149506346967, 0.29901269393511987], "8": [0.11771995043370508, 0.32342007434944237, 0.33209417596034696, 0.22676579925650558], "9": [0.0, 0.0, 0.0, 1.0], "10": [0.0, 0.1111111111111111, 0.4444444444444444, 0.4444444444444444], "11": [0.0, 0.5, 0.0, 0.5], "12": [0.035398230088495575, 0.1415929203539823, 0.26548672566371684, 0.5575221238938053], "13": [0.09027777777777778, 0.32175925925925924, 0.3298611111111111, 0.25810185185185186], "14": [0.0, 0.03571428571428571, 0.7142857142857143, 0.25], "15": [0.0475448168355417, 0.1348402182385035, 0.612626656274357, 0.2049883086515978], "16": [0.05789473684210526, 0.1631578947368421, 0.6473684210526316, 0.13157894736842105]}, "FT": {"0": [0.06666666666666667, 0.24848484848484848, 0.20303030303030303, 0.4818181818181818], "1": [0.07327586206896551, 0.19181034482758622, 0.2650862068965517, 0.4698275862068966], "2": [0.061224489795918366, 0.14285714285714285, 0.30029154518950435, 0.4956268221574344], "3": [0.14426229508196722, 0.3655737704918033, 0.09180327868852459, 0.3983606557377049], "4": [0.15129151291512916, 0.28413284132841327, 0.12792127921279212, 0.43665436654366546], "5": [0.16053019145802652, 0.3181148748159057, 0.12223858615611193, 0.39911634756995584], "6": [0.18994413407821228, 0.3463687150837989, 0.0893854748603352, 0.3743016759776536], "7": [0.1843137254901961, 0.3803921568627451, 0.06666666666666667, 0.3686274509803922], "8": [0.18587360594795538, 0.4052044609665427, 0.07806691449814127, 0.3308550185873606], "9": [0.0, 0.0, 0.5454545454545454, 0.45454545454545453], "10": [0.055900621118012424, 0.12422360248447205, 0.4968944099378882, 0.32298136645962733], "11": [0.0, 0.15384615384615385, 0.5384615384615384, 0.3076923076923077], "12": [0.09073724007561437, 0.2589792060491493, 0.1720226843100189, 0.4782608695652174], "13": [0.0998389694041868, 0.24154589371980675, 0.24154589371980675, 0.4170692431561997], "14": [0.08333333333333333, 0.08333333333333333, 0.6666666666666666, 0.16666666666666666], "15": [0.13829787234042554, 0.29432624113475175, 0.30141843971631205, 0.26595744680851063], "16": [0.023809523809523808, 0.2619047619047619, 0.5714285714285714, 0.14285714285714285]}, "CU": {"0": [0.06666666666666667, 0.2, 0.26666666666666666, 0.4666666666666667], "1": [0.18461538461538463, 0.3384615384615385, 0.09230769230769231, 0.38461538461538464], "2": [0.06521739130434782, 0.32608695652173914, 0.10869565217391304, 0.5], "3": [0.17032967032967034, 0.2692307692307692, 0.12637362637362637, 0.4340659340659341], "4": [0.16816816816816818, 0.35435435435435436, 0.09009009009009009, 0.38738738738738737], "5": [0.14521452145214522, 0.45544554455445546, 0.1617161716171617, 0.2376237623762376], "6": [0.08022922636103152, 0.2349570200573066, 0.2148997134670487, 0.4699140401146132], "7": [0.13398692810457516, 0.28594771241830064, 0.23039215686274508, 0.34967320261437906], "8": [0.12050359712230216, 0.35251798561151076, 0.27697841726618705, 0.25], "9": [0, 0, 0, 0], "10": [0.3333333333333333, 0.3333333333333333, 0.0, 0.3333333333333333], "11": [0.0, 1.0, 0.0, 0.0], "12": [0.034782608695652174, 0.13043478260869565, 0.3565217391304348, 0.4782608695652174], "13": [0.06626506024096386, 0.29819277108433734, 0.4367469879518072, 0.19879518072289157], "14": [0.00881057268722467, 0.00881057268722467, 0.8414096916299559, 0.14096916299559473], "15": [0.043137254901960784, 0.12, 0.5984313725490196, 0.2384313725490196], "16": [0.010714285714285714, 0.08928571428571429, 0.7607142857142857, 0.1392857142857143]}}