{"FF": {"4a": [0.1423666856027861, 0.24318917183293404, 0.16511472818435546, 0.4493294143799244], "5a": [0.12060000630258721, 0.20259666593136483, 0.20798537799766803, 0.4688179497683799], "1a": [0.08669261256114542, 0.1766344128253651, 0.2832863212768236, 0.45338665333666583], "3a": [0.15927786270655891, 0.30847346582223195, 0.1073742447404819, 0.42487442673072723], "7a": [0.19454672106677282, 0.30470693601353366, 0.10279629813911832, 0.39795004478057516], "0a": [0.08273399906866043, 0.2167434159466032, 0.24783980959279764, 0.45268277539193874], "2a": [0.08212151657765322, 0.1529797472370578, 0.31077150864576175, 0.4541272275395273], "12a": [0.11008055967776129, 0.2871528513885944, 0.12677549289802842, 0.47599109603561585], "13a": [0.09534418737503571, 0.18246215367037988, 0.27163667523564694, 0.45055698371893743], "8a": [0.15625603087809586, 0.2795754261820521, 0.14339015760694757, 0.42077838533290446], "6a": [0.2003108003108003, 0.3337218337218337, 0.07622377622377623, 0.38974358974358975], "10a": [0.04022935355590493, 0.10589105706094516, 0.4715620086932396, 0.3823175806899103], "15a": [0.18806570566543748, 0.3315454240697285, 0.12336573918873617, 0.3570231310760979], "15b": [0.13322231473771856, 0.2585345545378851, 0.2622814321398834, 0.3459616985845129], "10b": [0.01973051010587103, 0.07218479307025986, 0.6179018286814244, 0.29018286814244465], "13b": [0.06523681858802502, 0.1447721179624665, 0.42359249329758714, 0.36639857015192134], "12b": [0.026151930261519303, 0.12453300124533001, 0.3138231631382316, 0.5354919053549191], "11b": [0.05422647527910686, 0.11164274322169059, 0.42105263157894735, 0.4130781499202552], "9a": [0.015734265734265736, 0.08216783216783216, 0.4965034965034965, 0.40559440559440557], "14b": [0.05439330543933055, 0.11715481171548117, 0.4309623430962343, 0.39748953974895396], "16b": [0.06118143459915612, 0.14345991561181434, 0.49156118143459915, 0.3037974683544304], "9b": [0.0023584905660377358, 0.04481132075471698, 0.5801886792452831, 0.37264150943396224]}, "SL": {"15a": [0.06493627748471126, 0.14798562158629383, 0.5734092712758508, 0.2136688296531441], "8a": [0.13194372068785826, 0.30505471599791556, 0.29947889525794685, 0.26352266805627933], "13a": [0.08787672504486664, 0.22377622377622378, 0.43622748932483446, 0.25211956185407514], "7a": [0.1714939024390244, 0.29604928861788615, 0.2110010162601626, 0.32145579268292684], "4a": [0.17632412856496152, 0.3136411649313415, 0.1384487701825864, 0.3715859363211106], "5a": [0.1430129303629849, 0.3222464558342421, 0.19029443838604143, 0.34444617541673156], "16a": [0.02493675460787857, 0.0767377424406698, 0.7976147452114203, 0.10071075774003133], "6a": [0.14418604651162792, 0.227061310782241, 0.20747004933051444, 0.42128259337561663], "3a": [0.16623056795444052, 0.29798368477758963, 0.10435585654917655, 0.4314298907187933], "12a": [0.06497825530826298, 0.15630596060373497, 0.2680992581222819, 0.5106165259657202], "1a": [0.10452051215050953, 0.22811601776848706, 0.2735824405539587, 0.3937810295270447], "2a": [0.10948036493454978, 0.23443078143593812, 0.27171757239190797, 0.3843712812376041], "14a": [0.0173235166738848, 0.0259852750108272, 0.75487223906453, 0.2018189692507579], "0a": [0.08902877697841727, 0.2045863309352518, 0.2630395683453237, 0.4433453237410072], "16b": [0.004631773969430292, 0.008800370541917554, 0.9652616952292729, 0.021306160259379342], "13b": [0.04095386210471747, 0.10212545360290305, 0.6982892690513219, 0.15863141524105753], "15b": [0.0024813895781637717, 0.008271298593879239, 0.9536807278742763, 0.03556658395368073], "12b": [0.023289665211062592, 0.09024745269286755, 0.45414847161572053, 0.43231441048034935], "14b": [0, 0.003395585738539898, 0.9507640067911715, 0.04584040747028863], "10b": [0.029801324503311258, 0.10927152317880795, 0.5761589403973509, 0.2847682119205298], "10a": [0.04710144927536232, 0.10507246376811594, 0.5, 0.34782608695652173], "9b": [0.04878048780487805, 0.0975609756097561, 0.5365853658536586, 0.3170731707317073], "11b": [0, 0.08333333333333333, 0.3333333333333333, 0.5833333333333334]}, "FT": {"12a": [0.09776725304465494, 0.25930311231393777, 0.16466508795669824, 0.4782645466847091], "4a": [0.20208728652751423, 0.3388045540796964, 0.09041745730550285, 0.36869070208728655], "3a": [0.20022694450175366, 0.37662471631937283, 0.05910872704765834, 0.36403961213121516], "7a": [0.21899203053092378, 0.3658098552026041, 0.08014367493545853, 0.3350544393310136], "5a": [0.17885337129545748, 0.2954574867348259, 0.11621586644234502, 0.40947327552737156], "6a": [0.17553823801347246, 0.31792365605600315, 0.1134592524105138, 0.39307885352001054], "8a": [0.18867026340844176, 0.378133925737861, 0.09901618533798794, 0.3341796255157093], "1a": [0.1242603550295858, 0.25005478851632695, 0.18978742055665132, 0.4358974358974359], "13a": [0.12622720897615708, 0.27653108929406267, 0.18910705937353903, 0.40813464235624125], "0a": [0.11365244046215515, 0.2919122848384815, 0.1549162933270455, 0.4395189813723179], "15a": [0.1224091684954889, 0.27334796391124117, 0.2643257742014143, 0.33991709339185566], "2a": [0.11766903249906611, 0.20732162868883078, 0.23870003735524842, 0.4363093014568547], "13b": [0.07775020678246485, 0.1869313482216708, 0.3465674110835401, 0.38875103391232424], "12b": [0.027540360873694207, 0.11490978157644824, 0.4131054131054131, 0.4444444444444444], "15b": [0.05067985166872682, 0.12360939431396786, 0.584672435105068, 0.24103831891223734], "10b": [0.04736129905277402, 0.11231393775372124, 0.4817320703653586, 0.35859269282814615], "10a": [0.08916083916083917, 0.15734265734265734, 0.34440559440559443, 0.4090909090909091], "14a": [0.0327455919395466, 0.08060453400503778, 0.5113350125944585, 0.37531486146095716], "16b": [0.07096774193548387, 0.1967741935483871, 0.5129032258064516, 0.21935483870967742], "14b": [0.022813688212927757, 0.04182509505703422, 0.6768060836501901, 0.2585551330798479], "9a": [0.011904761904761904, 0.125, 0.375, 0.4880952380952381], "9b": [0, 0.08035714285714286, 0.4017857142857143, 0.5178571428571429], "11b": [0.0425531914893617, 0.1276595744680851, 0.6382978723404256, 0.19148936170212766]}, "CH": {"15a": [0.0712484237074401, 0.16757741347905283, 0.51786464901219, 0.24330951380131707], "7a": [0.15098211668132513, 0.25505716798592787, 0.28701260627381997, 0.306948109058927], "8a": [0.13537074148296593, 0.33346693386773546, 0.28887775551102207, 0.24228456913827656], "13a": [0.11820515682553856, 0.31420917513115304, 0.2903225806451613, 0.2772630873981471], "5a": [0.16642685851318945, 0.3563549160671463, 0.18273381294964028, 0.294484412470024], "6a": [0.10768444368716988, 0.16953484409609815, 0.2935764184699267, 0.42920429374680524], "4a": [0.1918819188191882, 0.3024073097873836, 0.1641187840449833, 0.3415919873484449], "3a": [0.15507571508693213, 0.2392035894559731, 0.14694335389792484, 0.45877734155916994], "12a": [0.0625, 0.15754608294930875, 0.24251152073732718, 0.5374423963133641], "15b": [0.015556635877491492, 0.05785123966942149, 0.8147788040836169, 0.1118133203694701], "16a": [0.06288601909039865, 0.18528916339135318, 0.5884334643458731, 0.16339135317237508], "2a": [0.14754098360655737, 0.3025335320417288, 0.20342771982116245, 0.3464977645305514], "1a": [0.1689419795221843, 0.27559726962457337, 0.15017064846416384, 0.4052901023890785], "0a": [0.13590033975084936, 0.25141562853907135, 0.15288788221970556, 0.45979614949037373], "13b": [0.08353808353808354, 0.1769041769041769, 0.44717444717444715, 0.29238329238329236], "14a": [0.02711323763955343, 0.044657097288676235, 0.6251993620414673, 0.30303030303030304], "12b": [0.03282275711159737, 0.08971553610503283, 0.3304157549234136, 0.5470459518599562], "16b": [0.03773584905660377, 0.059748427672955975, 0.8333333333333334, 0.06918238993710692], "10b": [0.10454545454545454, 0.16818181818181818, 0.33636363636363636, 0.39090909090909093], "14b": [0.0070921985815602835, 0.014184397163120567, 0.8156028368794326, 0.16312056737588654],