{
    "CH": {
        "0a": {
            "take": {
                "strike": 0.905,
                "ball": 0.09499999999999997
            },
            "swing": {
                "out": 0.23178670596953665,
                "hit": 0.10214764339990338,
                "foul": 0.4476499163837238,
                "strike": 0.1474157342468362,
                "ball": 0.07100000000000001
            }
        },
        "10b": {
            "take": {
                "strike": 0,
                "ball": 1
            },
            "swing": {
                "ball": 1.0
            }
        },
        "11b": {
            "take": {
                "strike": 0,
                "ball": 1
            },
            "swing": {
                "ball": 1.0
            }
        },
        "12a": {
            "take": {
                "strike": 0.024,
                "ball": 0.976
            },
            "swing": {
                "out": 0.15379664081522074,
                "hit": 0.05139588750790679,
                "foul": 0.5281754157361359,
                "strike": 0.24463205594073656,
                "ball": 0.022
            }
        },
        "12b": {
            "take": {
                "strike": 0,
                "ball": 1
            },
            "swing": {
                "ball": 1.0
            }
        },
        "13a": {
            "take": {
                "strike": 0.012,
                "ball": 0.988
            },
            "swing": {
                "out": 0.3161056687122021,
                "hit": 0.09313795524346409,
                "foul": 0.2856328724034198,
                "strike": 0.292123503640914,
                "ball": 0.013
            }
        },
        "13b": {
            "take": {
                "strike": 0,
                "ball": 1
            },
            "swing": {
                "ball": 1.0
            }
        },
        "14a": {
            "take": {
                "strike": 0.001,
                "ball": 0.999
            },
            "swing": {
                "out": 0.05698085830718534,
                "hit": 0.02244030444155931,
                "foul": 0.30144487698959715,
                "strike": 0.5271339602616582,
                "ball": 0.092
            }
        },
        "14b": {
            "take": {
                "strike": 0,
                "ball": 1
            },
            "swing": {
                "ball": 1.0
            }
        },
        "15a": {
            "take": {
                "strike": 0.07300000000000001,
                "ball": 0.927
            },
            "swing": {
                "out": 0.16807008307390256,
                "hit": 0.05805889474338849,
                "foul": 0.2390108547647827,
                "strike": 0.4738601674179262,
                "ball": 0.061
            }
        },
        "15b": {
            "take": {
                "strike": 0,
                "ball": 1
            },
            "swing": {
                "ball": 1.0
            }
        },
        "16a": {
            "take": {
                "strike": 0,
                "ball": 1
            },
            "swing": {
                "out": 0.17648863101057483,
                "hit": 0.04681520616334705,
                "foul": 0.15788256649492938,
                "strike": 0.5408135963311487,
                "ball": 0.078
            }
        },
        "16b": {
            "take": {
                "strike": 0,
                "ball": 1
            },
            "swing": {
                "ball": 1.0
            }
        },
        "1a": {
            "take": {
                "strike": 0.917,
                "ball": 0.08299999999999996
            },
            "swing": {
                "out": 0.2547229666233292,
                "hit": 0.1280702101118668,
                "foul": 0.3811979956307407,
                "strike": 0.15300882763406337,
                "ball": 0.083
            }
        },
        "2a": {
            "take": {
                "strike": 0.893,
                "ball": 0.10699999999999998
            },
            "swing": {
                "out": 0.28607156105036713,
                "hit": 0.11575651688853697,
                "foul": 0.3240641015505344,
                "strike": 0.1911078205105616,
                "ball": 0.083
            }
        },
        "3a": {
            "take": {
                "strike": 0.9650000000000001,
                "ball": 0.03499999999999992
            },
            "swing": {
                "out": 0.2412124187413732,
                "hit": 0.12260245905966267,
                "foul": 0.46989271534422894,
                "strike": 0.16629240685473512,
                "ball": 0
            }
        },
        "4a": {
            "take": {
                "strike": 1.0,
                "ball": 0.0
            },
            "swing": {
                "out": 0.30352227562150413,
                "hit": 0.15252725436434425,
                "foul": 0.3636356457398663,
                "strike": 0.18031482427428533,
                "ball": 0
            }
        },
        "5a": {
            "take": {
                "strike": 0.967,
                "ball": 0.03300000000000003
            },
            "swing": {
                "out": 0.3571839877954467,
                "hit": 0.1343664453494448,
                "foul": 0.3086566402163854,
                "strike": 0.1997929266387231,
                "ball": 0
            }
        },
        "6a": {
            "take": {
                "strike": 0.8870000000000001,
                "ball": 0.11299999999999988
            },
            "swing": {
                "out": 0.18142766582966907,
                "hit": 0.08874187084679001,
                "foul": 0.42637559248155504,
                "strike": 0.30345487084198597,
                "ball": 0
            }
        },
        "7a": {
            "take": {
                "strike": 0.933,
                "ball": 0.06699999999999995
            },
            "swing": {
                "out": 0.2646652393566725,
                "hit": 0.11947338344380062,
                "foul": 0.3178788335014729,
                "strike": 0.297982543698054,
                "ball": 0
            }
        },
        "8a": {
            "take": {
                "strike": 0.905,
                "ball": 0.09499999999999997
            },
            "swing": {
                "out": 0.32720621662012633,
                "hit": 0.10684784403376428,
                "foul": 0.2621086149826563,
                "strike": 0.3028373243634532,
                "ball": 0.001
            }
        },
        "9b": {
            "take": {
                "strike": 0,
                "ball": 1
            },
            "swing": {
                "ball": 1.0
            }
        }
    }
}