{"FF": {"0": [0.10017615971814445, 0.23992953611274223, 0.1958896065766295, 0.46400469759248386], "1": [0.1079502159004318, 0.1964270595207857, 0.2229277791888917, 0.47269494538989076], "2": [0.10113622175053065, 0.15807216881008865, 0.26907229366962165, 0.471719315769759], "3": [0.18374266104357892, 0.3162986851897792, 0.08120400231538907, 0.4187546514512528], "4": [0.1593489341983318, 0.25185356811862836, 0.13003938832252085, 0.458758109360519], "5": [0.1333088505325009, 0.20807932427469703, 0.17076753580609622, 0.4878442893867058], "6": [0.2166203059805285, 0.3306675938803894, 0.06258692628650904, 0.390125173852573], "7": [0.21279523045173127, 0.299128640220133, 0.08564549415271727, 0.4024306351754185], "8": [0.16359888087174201, 0.28154910911500514, 0.12560742158739507, 0.4292445884258578], "9": [0.012, 0.074, 0.484, 0.43], "10": [0.04388185654008439, 0.11206751054852321, 0.44168776371308016, 0.4023628691983122], "11": [0.06756756756756757, 0.11148648648648649, 0.36486486486486486, 0.4560810810810811], "12": [0.12298110419085823, 0.2915655019529188, 0.11548611844188747, 0.4699672754143355], "13": [0.10183274669255978, 0.18545940041267145, 0.24117004490836266, 0.4715378079864061], "14": [0.056179775280898875, 0.10486891385767791, 0.44569288389513106, 0.39325842696629215], "15": [0.17058823529411765, 0.3050980392156863, 0.15254901960784314, 0.37176470588235294], "16": [0.06698564593301436, 0.17703349282296652, 0.45933014354066987, 0.2966507177033493]}, "SL": {"0": [0.11409395973154363, 0.2109300095877277, 0.23202301054650049, 0.4429530201342282], "1": [0.11662817551963048, 0.23729792147806006, 0.24826789838337182, 0.39780600461893767], "2": [0.11816578483245149, 0.22310405643738976, 0.23897707231040563, 0.41975308641975306], "3": [0.1838209982788296, 0.3180722891566265, 0.07641996557659209, 0.42168674698795183], "4": [0.1934226140023733, 0.3185285641634175, 0.11917274114256654, 0.3688760806916426], "5": [0.16334801762114537, 0.31823788546255505, 0.16229074889867842, 0.35612334801762113], "6": [0.1694124961143923, 0.24992228784581907, 0.1694124961143923, 0.41125271992539636], "7": [0.1931459707484944, 0.30857470605104675, 0.1792371666188701, 0.31904215658158874], "8": [0.15113921030657282, 0.3206489323631158, 0.26231659310509364, 0.2658952642252177], "9": [0.05, 0.05, 0.6, 0.3], "10": [0.03806228373702422, 0.10380622837370242, 0.5086505190311419, 0.3494809688581315], "11": [0.0, 0.08333333333333333, 0.25, 0.6666666666666666], "12": [0.06726669824727617, 0.15442918048318333, 0.2629085741354808, 0.5153955471340597], "13": [0.09459125710051865, 0.2191899234378859, 0.4335638429241788, 0.25265497653741664], "14": [0.017843289371605897, 0.030256012412723042, 0.7626066718386346, 0.18929402637703646], "15": [0.0735236220472441, 0.15905511811023623, 0.5431102362204724, 0.22431102362204725], "16": [0.027181060938185005, 0.07387110916264795, 0.8084173608066637, 0.09053046909250329]}, "CH": {"0": [0.1574074074074074, 0.24305555555555555, 0.12037037037037036, 0.4791666666666667], "1": [0.1926782273603083, 0.2928709055876686, 0.11753371868978806, 0.3969171483622351], "2": [0.15640599001663893, 0.2978369384359401, 0.19966722129783693, 0.34608985024958405], "3": [0.18010291595197256, 0.2441395082904517, 0.13664951400800457, 0.4391080617495712], "4": [0.20806709265175719, 0.32068690095846647, 0.1457667731629393, 0.3254792332268371], "5": [0.18840057636887608, 0.36023054755043227, 0.15778097982708933, 0.2935878962536023], "6": [0.1294885745375408, 0.18171926006528835, 0.2716721073630758, 0.417120058034095], "7": [0.17022653721682848, 0.2761596548004315, 0.25544768069039914, 0.2981661272923409], "8": [0.15361515361515363, 0.3548163548163548, 0.2531762531762532, 0.2383922383922384], "9": [0.0, 0.1111111111111111, 0.37037037037037035, 0.5185185185185185], "10": [0.0967741935483871, 0.06451612903225806, 0.3655913978494624, 0.4731182795698925], "11": [0.15384615384615385, 0.15384615384615385, 0.38461538461538464, 0.3076923076923077], "12": [0.07656731757451182, 0.1593011305241521, 0.2317574511819116, 0.5323741007194245], "13": [0.13371131585164187, 0.30852823056933615, 0.26624143633356956, 0.29151901724545237], "14": [0.02481389578163772, 0.03722084367245657, 0.6550868486352357, 0.28287841191067], "15": [0.07643979057591622, 0.1713350785340314, 0.5081151832460733, 0.24410994764397906], "16": [0.07569296375266525, 0.1929637526652452, 0.582089552238806, 0.14925373134328357]}, "FT": {"0": [0.14041450777202072, 0.29740932642487045, 0.12176165803108809, 0.44041450777202074], "1": [0.14379746835443039, 0.2648101265822785, 0.1529113924050633, 0.43848101265822786], "2": [0.13898601398601398, 0.22202797202797203, 0.20716783216783216, 0.4318181818181818], "3": [0.2211449676823638, 0.3908125577100646, 0.04155124653739612, 0.34649122807017546], "4": [0.23459767594825695, 0.34049550537162904, 0.06687130015347512, 0.3580355185266389], "5": [0.2021505376344086, 0.3029185867895545, 0.09247311827956989, 0.402457757296467], "6": [0.19086783891094725, 0.33607487237663075, 0.08876914350538855, 0.38428814520703347], "7": [0.2437974683544304, 0.3860759493670886, 0.05569620253164557, 0.31443037974683546], "8": [0.19955735890815196, 0.38104020656584286, 0.0800442641091848, 0.33935817041682037], "9": [0.013422818791946308, 0.08053691275167785, 0.3691275167785235, 0.5369127516778524], "10": [0.07950530035335689, 0.1501766784452297, 0.35335689045936397, 0.4169611307420495], "11": [0.041666666666666664, 0.16666666666666666, 0.5416666666666666, 0.25], "12": [0.1037163738143368, 0.26325610324988336, 0.164204633805007, 0.4688228891307728], "13": [0.13432165318957773, 0.27942497753818507, 0.17160826594788858, 0.4146451033243486], "14": [0.040106951871657755, 0.0748663101604278, 0.553475935828877, 0.3315508021390374], "15": [0.12931411096548712, 0.2656181738750546, 0.2608125819134993, 0.3442551332459589], "16": [0.06779661016949153, 0.2033898305084746, 0.5338983050847458, 0.19491525423728814]}, "CU": {"0": [0.14626865671641792, 0.3253731343283582, 0.11343283582089553, 0.41492537313432837], "1": [0.15753424657534246, 0.285958904109589, 0.13527397260273974, 0.4212328767123288], "2": [0.1524390243902439, 0.31097560975609756, 0.14634146341463414, 0.3902439024390244], "3": [0.22361359570661896, 0.2772808586762075, 0.08228980322003578, 0.41681574239713776], "4": [0.23621673003802282, 0.3269961977186312, 0.094106463878327, 0.342680608365019], "5": [0.20804953560371517, 0.3541795665634675, 0.13374613003095975, 0.3040247678018576], "6": [0.15850673194614442, 0.2062423500611995, 0.189718482252142, 0.4455324357405141], "7": [0.18977864583333334, 0.3033854166666667, 0.1728515625, 0.333984375], "8": [0.163391557496361, 0.35334788937409023, 0.2096069868995633, 0.27365356622998543], "9": [0.0, 0.2, 0.3, 0.5], "10": [0.12162162162162163, 0.24324324324324326, 0.32432432432432434, 0.3108108108108108], "11": [0.0, 0.0, 0.3333333333333333, 0.6666666666666666], "12": [0.07713884992987377, 0.15988779803646563, 0.2244039270687237, 0.5385694249649369], "13": [0.12521055586749016, 0.287478944413251, 0.3335204941044357, 0.2537900056148231], "14": [0.027491408934707903, 0.03436426116838488, 0.7079037800687286, 0.23024054982817868], "15": [0.06987951807228916, 0.1602409638554217, 0.5123924268502582, 0.257487091222031], "16": [0.04596935376415723, 0.09793471019320453, 0.754163890739507, 0.10193204530313124]}}