{"FF": {"0a": [0.07836045810729356, 0.2320675105485232, 0.21760096443640747, 0.4719710669077758], "1a": [0.07930607187112763, 0.1755472945064023, 0.2825278810408922, 0.46261875258157786], "2a": [0.07099143206854346, 0.13769889840881272, 0.3347613219094247, 0.4565483476132191], "3a": [0.15391342369916922, 0.3244425010931351, 0.10056843025797989, 0.4210756449497158], "4a": [0.13855799373040753, 0.2517241379310345, 0.16489028213166143, 0.44482758620689655], "5a": [0.10676873489121676, 0.19298952457695406, 0.22360999194198228, 0.4766317485898469], "6a": [0.18074866310160428, 0.3433155080213904, 0.07165775401069518, 0.4042780748663102], "7a": [0.18991964937910885, 0.3345507669831994, 0.09130752373995617, 0.38422205989773556], "8a": [0.14175506268081003, 0.2815814850530376, 0.14657666345226616, 0.43008678881388623], "9a": [0.019230769230769232, 0.019230769230769232, 0.5961538461538461, 0.36538461538461536], "9b": [0.0, 0.0, 0.6666666666666666, 0.3333333333333333], "10a": [0.030680728667305847, 0.09012464046021093, 0.48705656759348037, 0.39213806327900286], "10b": [0.024875621890547265, 0.04477611940298507, 0.6567164179104478, 0.2736318407960199], "11b": [0.028169014084507043, 0.056338028169014086, 0.5070422535211268, 0.4084507042253521], "12a": [0.11144219308700834, 0.2759237187127533, 0.11859356376638856, 0.4940405244338498], "12b": [0.022988505747126436, 0.05747126436781609, 0.42528735632183906, 0.4942528735632184], "13a": [0.0904836193447738, 0.16458658346333854, 0.2956318252730109, 0.44929797191887677], "13b": [0.08536585365853659, 0.14634146341463414, 0.4024390243902439, 0.36585365853658536], "14b": [0.041666666666666664, 0.08333333333333333, 0.5833333333333334, 0.2916666666666667], "15a": [0.19148936170212766, 0.2925531914893617, 0.11702127659574468, 0.39893617021276595], "15b": [0.08333333333333333, 0.24074074074074073, 0.26851851851851855, 0.4074074074074074], "16b": [0.21052631578947367, 0.15789473684210525, 0.3684210526315789, 0.2631578947368421]}, "SL": {"0a": [0.09743589743589744, 0.16923076923076924, 0.28205128205128205, 0.4512820512820513], "1a": [0.11186440677966102, 0.23728813559322035, 0.27796610169491526, 0.3728813559322034], "2a": [0.078125, 0.28125, 0.24479166666666666, 0.3958333333333333], "3a": [0.13114754098360656, 0.260655737704918, 0.13114754098360656, 0.47704918032786886], "4a": [0.15426008968609867, 0.34080717488789236, 0.13991031390134528, 0.3650224215246637], "5a": [0.13881748071979436, 0.32305055698371893, 0.20308483290488433, 0.3350471293916024], "6a": [0.12016021361815754, 0.1628838451268358, 0.2977303070761015, 0.4192256341789052], "7a": [0.1443001443001443, 0.2647907647907648, 0.23737373737373738, 0.35353535353535354], "8a": [0.12395209580838323, 0.3, 0.318562874251497, 0.25748502994011974], "9b": [0.0, 0.0, 0.6666666666666666, 0.3333333333333333], "10a": [0.0, 0.12, 0.56, 0.32], "10b": [0.0, 0.07142857142857142, 0.5714285714285714, 0.35714285714285715], "11b": [0, 0, 0, 0], "12a": [0.03640776699029126, 0.12864077669902912, 0.3713592233009709, 0.46359223300970875], "12b": [0.0, 0.046153846153846156, 0.5538461538461539, 0.4], "13a": [0.08063354931605471, 0.21814254859611232, 0.4528437724982001, 0.24838012958963282], "13b": [0.026490066225165563, 0.0728476821192053, 0.7152317880794702, 0.18543046357615894], "14a": [0.006688963210702341, 0.016722408026755852, 0.7792642140468228, 0.19732441471571907], "14b": [0.0, 0.015873015873015872, 0.9523809523809523, 0.031746031746031744], "15a": [0.05668449197860963, 0.13636363636363635, 0.5770053475935829, 0.22994652406417113], "15b": [0.0, 0.0, 0.9863013698630136, 0.0136986301369863], "16a": [0.016666666666666666, 0.07361111111111111, 0.7972222222222223, 0.1125], "16b": [0.0, 0.007633587786259542, 0.9541984732824428, 0.03816793893129771]}, "CU": {"0a": [0.07017543859649122, 0.24561403508771928, 0.22807017543859648, 0.45614035087719296], "1a": [0.19101123595505617, 0.3595505617977528, 0.11235955056179775, 0.33707865168539325], "2a": [0.07142857142857142, 0.3392857142857143, 0.10714285714285714, 0.48214285714285715], "3a": [0.18565400843881857, 0.270042194092827, 0.11814345991561181, 0.42616033755274263], "4a": [0.2026726057906459, 0.34743875278396436, 0.0779510022271715, 0.37193763919821826], "5a": [0.14987714987714987, 0.42997542997543, 0.16707616707616707, 0.25307125307125306], "6a": [0.11612903225806452, 0.221505376344086, 0.210752688172043, 0.45161290322580644], "7a": [0.1467780429594272, 0.301909307875895, 0.21241050119331742, 0.33890214797136037], "8a": [0.13151041666666666, 0.328125, 0.2734375, 0.2669270833333333], "9b": [0.0, 0.0, 0.0, 1.0], "10b": [0.2, 0.4, 0.0, 0.4], "11b": [0.0, 1.0, 0.0, 0.0], "12a": [0.0472972972972973, 0.10810810810810811, 0.3581081081081081, 0.4864864864864865], "12b": [0.09090909090909091, 0.18181818181818182, 0.2727272727272727, 0.45454545454545453], "13a": [0.07990314769975787, 0.30024213075060535, 0.41646489104116224, 0.2033898305084746], "13b": [0.0, 0.23529411764705882, 0.6176470588235294, 0.14705882352941177], "14a": [0.018292682926829267, 0.018292682926829267, 0.7317073170731707, 0.23170731707317074], "14b": [0.0, 0.007633587786259542, 0.9465648854961832, 0.04580152671755725], "15a": [0.050030506406345335, 0.1354484441732764, 0.5558267236119585, 0.2586943258084198], "15b": [0.0, 0.0, 0.975, 0.025], "16a": [0.02575107296137339, 0.15021459227467812, 0.6824034334763949, 0.14163090128755365], "16b": [0.0, 0.02, 0.9133333333333333, 0.06666666666666667]}, "CH": {"0a": [0.1, 0.275, 0.225, 0.4], "1a": [0.17647058823529413, 0.25882352941176473, 0.23529411764705882, 0.32941176470588235], "2a": [0.1391304347826087, 0.34782608695652173, 0.1391304347826087, 0.3739130434782609], "3a": [0.11715481171548117, 0.24686192468619247, 0.14644351464435146, 0.4895397489539749], "4a": [0.16568047337278108, 0.32938856015779094, 0.1854043392504931, 0.31952662721893493], "5a": [0.1536050156739812, 0.329153605015674, 0.22100313479623823, 0.2962382445141066], "6a": [0.09883720930232558, 0.18604651162790697, 0.3081395348837209, 0.4069767441860465], "7a": [0.15102481121898598, 0.23516720604099245, 0.3214670981661273, 0.2923408845738943], "8a": [0.13389513108614232, 0.3192883895131086, 0.3136704119850187, 0.23314606741573032], "9b": [0.0, 0.0, 0.0, 1.0], "10b": [0.0, 0.08333333333333333, 0.4166666666666667, 0.5], "11b": [0.3333333333333333, 0.3333333333333333, 0.0, 0.3333333333333333], "12a": [0.048507462686567165, 0.1455223880597015, 0.23507462686567165, 0.5708955223880597], "12b": [0.0, 0.08571428571428572, 0.37142857142857144, 0.5428571428571428], "13a": [0.10965323336457357, 0.3177132146204311, 0.3139643861293346, 0.25866916588566075], "13b": [0.054945054945054944, 0.21978021978021978, 0.4725274725274725, 0.25274725274725274], "14a": [0.016666666666666666, 0.06666666666666667, 0.7, 0.21666666666666667], "14b": [0.0, 0.0, 0.9166666666666666, 0.08333333333333333], "15a": [0.0640495867768595, 0.14807162534435261, 0.5647382920110193, 0.2231404958677686], "15b": [0.004878048780487805, 0.06829268292682927, 0.848780487804878, 0.07804878048780488], "16a": [0.06796116504854369, 0.1796116504854369, 0.616504854368932, 0.13592233009708737], "16b": [0.0, 0.027777777777777776, 0.8333333333333334, 0.1388888888888889]}, "FT": {"0a": [0.08411214953271028, 0.24299065420560748, 0.205607476635514, 0.4672897196261682], "1a": [0.08265802269043761, 0.19773095623987033, 0.2479740680713128, 0.47163695299837927], "2a": [0.07640449438202247, 0.13707865168539327, 0.31235955056179776, 0.47415730337078654], "3a": [0.17076167076167076, 0.3476658476658477, 0.08230958230958231, 0.39926289926289926], "4a": [0.17383177570093458, 0.28785046728971964, 0.11775700934579439, 0.4205607476635514], "5a": [0.1611842105263158, 0.3201754385964912, 0.1118421052631579, 0.4067982456140351], "6a": [0.19672131147540983, 0.3422131147540984, 0.09631147540983606, 0.36475409836065575], "7a": [0.2026431718061674, 0.3788546255506608, 0.07195301027900147, 0.3465491923641703],