{"FF": {"0": [0.07836045810729356, 0.2320675105485232, 0.21760096443640747, 0.4719710669077758], "1": [0.07930607187112763, 0.1755472945064023, 0.2825278810408922, 0.46261875258157786], "2": [0.07099143206854346, 0.13769889840881272, 0.3347613219094247, 0.4565483476132191], "3": [0.15391342369916922, 0.3244425010931351, 0.10056843025797989, 0.4210756449497158], "4": [0.13855799373040753, 0.2517241379310345, 0.16489028213166143, 0.44482758620689655], "5": [0.10676873489121676, 0.19298952457695406, 0.22360999194198228, 0.4766317485898469], "6": [0.18074866310160428, 0.3433155080213904, 0.07165775401069518, 0.4042780748663102], "7": [0.18991964937910885, 0.3345507669831994, 0.09130752373995617, 0.38422205989773556], "8": [0.14175506268081003, 0.2815814850530376, 0.14657666345226616, 0.43008678881388623], "9": [0.01098901098901099, 0.01098901098901099, 0.6263736263736264, 0.3516483516483517], "10": [0.0297427652733119, 0.08279742765273312, 0.5144694533762058, 0.3729903536977492], "11": [0.028169014084507043, 0.056338028169014086, 0.5070422535211268, 0.4084507042253521], "12": [0.10708215297450425, 0.2651558073654391, 0.13371104815864024, 0.4940509915014164], "13": [0.09017595307917889, 0.16348973607038123, 0.3020527859237537, 0.4442815249266862], "14": [0.041666666666666664, 0.08333333333333333, 0.5833333333333334, 0.2916666666666667], "15": [0.15202702702702703, 0.27364864864864863, 0.17229729729729729, 0.40202702702702703], "16": [0.21052631578947367, 0.15789473684210525, 0.3684210526315789, 0.2631578947368421]}, "SL": {"0": [0.09743589743589744, 0.16923076923076924, 0.28205128205128205, 0.4512820512820513], "1": [0.11186440677966102, 0.23728813559322035, 0.27796610169491526, 0.3728813559322034], "2": [0.078125, 0.28125, 0.24479166666666666, 0.3958333333333333], "3": [0.13114754098360656, 0.260655737704918, 0.13114754098360656, 0.47704918032786886], "4": [0.15426008968609867, 0.34080717488789236, 0.13991031390134528, 0.3650224215246637], "5": [0.13881748071979436, 0.32305055698371893, 0.20308483290488433, 0.3350471293916024], "6": [0.12016021361815754, 0.1628838451268358, 0.2977303070761015, 0.4192256341789052], "7": [0.1443001443001443, 0.2647907647907648, 0.23737373737373738, 0.35353535353535354], "8": [0.12395209580838323, 0.3, 0.318562874251497, 0.25748502994011974], "9": [0.0, 0.0, 0.6666666666666666, 0.3333333333333333], "10": [0.0, 0.10256410256410256, 0.5641025641025641, 0.3333333333333333], "11": [0, 0, 0, 0], "12": [0.031446540880503145, 0.11740041928721175, 0.39622641509433965, 0.4549266247379455], "13": [0.07532467532467532, 0.2038961038961039, 0.4785714285714286, 0.2422077922077922], "14": [0.0055248618784530384, 0.016574585635359115, 0.8093922651933702, 0.1685082872928177], "15": [0.054554812146165726, 0.1312403499742666, 0.5923829130211014, 0.2218219248584663], "16": [0.01410105757931845, 0.06345475910693302, 0.8213866039952996, 0.10105757931844889]}, "CH": {"0": [0.1, 0.275, 0.225, 0.4], "1": [0.17647058823529413, 0.25882352941176473, 0.23529411764705882, 0.32941176470588235], "2": [0.1391304347826087, 0.34782608695652173, 0.1391304347826087, 0.3739130434782609], "3": [0.11715481171548117, 0.24686192468619247, 0.14644351464435146, 0.4895397489539749], "4": [0.16568047337278108, 0.32938856015779094, 0.1854043392504931, 0.31952662721893493], "5": [0.1536050156739812, 0.329153605015674, 0.22100313479623823, 0.2962382445141066], "6": [0.09883720930232558, 0.18604651162790697, 0.3081395348837209, 0.4069767441860465], "7": [0.15102481121898598, 0.23516720604099245, 0.3214670981661273, 0.2923408845738943], "8": [0.13389513108614232, 0.3192883895131086, 0.3136704119850187, 0.23314606741573032], "9": [0.0, 0.0, 0.0, 1.0], "10": [0.0, 0.08333333333333333, 0.4166666666666667, 0.5], "11": [0.3333333333333333, 0.3333333333333333, 0.0, 0.3333333333333333], "12": [0.0429042904290429, 0.13861386138613863, 0.2508250825082508, 0.5676567656765676], "13": [0.10535405872193437, 0.31001727115716754, 0.32642487046632124, 0.25820379965457685], "14": [0.013888888888888888, 0.05555555555555555, 0.7361111111111112, 0.19444444444444445], "15": [0.056729028364514184, 0.13820156910078454, 0.59987929993965, 0.2051901025950513], "16": [0.05785123966942149, 0.15702479338842976, 0.6487603305785123, 0.13636363636363635]}, "FT": {"0": [0.08411214953271028, 0.24299065420560748, 0.205607476635514, 0.4672897196261682], "1": [0.08265802269043761, 0.19773095623987033, 0.2479740680713128, 0.47163695299837927], "2": [0.07640449438202247, 0.13707865168539327, 0.31235955056179776, 0.47415730337078654], "3": [0.17076167076167076, 0.3476658476658477, 0.08230958230958231, 0.39926289926289926], "4": [0.17383177570093458, 0.28785046728971964, 0.11775700934579439, 0.4205607476635514], "5": [0.1611842105263158, 0.3201754385964912, 0.1118421052631579, 0.4067982456140351], "6": [0.19672131147540983, 0.3422131147540984, 0.09631147540983606, 0.36475409836065575], "7": [0.2026431718061674, 0.3788546255506608, 0.07195301027900147, 0.3465491923641703], "8": [0.20641562064156208, 0.3905160390516039, 0.07391910739191074, 0.3291492329149233], "9": [0.07142857142857142, 0.0, 0.5714285714285714, 0.35714285714285715], "10": [0.046948356807511735, 0.11267605633802817, 0.5070422535211268, 0.3333333333333333], "11": [0.05263157894736842, 0.10526315789473684, 0.5263157894736842, 0.3157894736842105], "12": [0.1005586592178771, 0.2737430167597765, 0.164804469273743, 0.46089385474860334], "13": [0.10253317249698432, 0.24728588661037396, 0.23401688781664656, 0.4161640530759952], "14": [0.0625, 0.0625, 0.625, 0.25], "15": [0.14805194805194805, 0.2935064935064935, 0.2831168831168831, 0.2753246753246753], "16": [0.05454545454545454, 0.2727272727272727, 0.5272727272727272, 0.14545454545454545]}, "CU": {"0": [0.07017543859649122, 0.24561403508771928, 0.22807017543859648, 0.45614035087719296], "1": [0.19101123595505617, 0.3595505617977528, 0.11235955056179775, 0.33707865168539325], "2": [0.07142857142857142, 0.3392857142857143, 0.10714285714285714, 0.48214285714285715], "3": [0.18565400843881857, 0.270042194092827, 0.11814345991561181, 0.42616033755274263], "4": [0.2026726057906459, 0.34743875278396436, 0.0779510022271715, 0.37193763919821826], "5": [0.14987714987714987, 0.42997542997543, 0.16707616707616707, 0.25307125307125306], "6": [0.11612903225806452, 0.221505376344086, 0.210752688172043, 0.45161290322580644], "7": [0.1467780429594272, 0.301909307875895, 0.21241050119331742, 0.33890214797136037], "8": [0.13151041666666666, 0.328125, 0.2734375, 0.2669270833333333], "9": [0.0, 0.0, 0.0, 1.0], "10": [0.2, 0.4, 0.0, 0.4], "11": [0.0, 1.0, 0.0, 0.0], "12": [0.050314465408805034, 0.11320754716981132, 0.3522012578616352, 0.48427672955974843], "13": [0.0738255033557047, 0.2953020134228188, 0.4317673378076063, 0.19910514541387025], "14": [0.010169491525423728, 0.013559322033898305, 0.8271186440677966, 0.14915254237288136], "15": [0.0477021524141943, 0.12914485165794065, 0.5753344968004653, 0.24781849912739964], "16": [0.015665796344647518, 0.09921671018276762, 0.7728459530026109, 0.1122715404699739]}}