{"FF": {"0": [0.11940298507462686, 0.21144278606965175, 0.15671641791044777, 0.5124378109452736], "1": [0.1134020618556701, 0.18384879725085912, 0.22336769759450173, 0.4793814432989691], "2": [0.09473684210526316, 0.12631578947368421, 0.28421052631578947, 0.49473684210526314], "3": [0.2257495590828924, 0.31040564373897706, 0.07054673721340388, 0.3932980599647266], "4": [0.19505851755526657, 0.23797139141742524, 0.13003901170351106, 0.43693107932379716], "5": [0.1433389544688027, 0.18718381112984822, 0.1736930860033727, 0.4957841483979764], "6": [0.2375, 0.3541666666666667, 0.029166666666666667, 0.37916666666666665], "7": [0.23848238482384823, 0.3170731707317073, 0.08672086720867209, 0.35772357723577236], "8": [0.1646586345381526, 0.26104417670682734, 0.1285140562248996, 0.4457831325301205], "9": [0.0, 0.0, 0.5714285714285714, 0.42857142857142855], "10": [0.044444444444444446, 0.08253968253968254, 0.45714285714285713, 0.4158730158730159], "11": [0.0625, 0.0625, 0.375, 0.5], "12": [0.15821501014198783, 0.2535496957403651, 0.11967545638945233, 0.4685598377281947], "13": [0.10032362459546926, 0.1779935275080906, 0.2750809061488673, 0.44660194174757284], "14": [0.058823529411764705, 0.11764705882352941, 0.5882352941176471, 0.23529411764705882], "15": [0.20689655172413793, 0.26436781609195403, 0.12643678160919541, 0.40229885057471265], "16": [0.2, 0.0, 0.6, 0.2]}, "SL": {"0": [0.1590909090909091, 0.06818181818181818, 0.18181818181818182, 0.5909090909090909], "1": [0.125, 0.265625, 0.234375, 0.375], "2": [0.10416666666666667, 0.2708333333333333, 0.16666666666666666, 0.4583333333333333], "3": [0.15584415584415584, 0.21428571428571427, 0.12337662337662338, 0.5064935064935064], "4": [0.18518518518518517, 0.3333333333333333, 0.13703703703703704, 0.34444444444444444], "5": [0.17006802721088435, 0.2925170068027211, 0.1836734693877551, 0.35374149659863946], "6": [0.12716763005780346, 0.15606936416184972, 0.2832369942196532, 0.43352601156069365], "7": [0.18208955223880596, 0.23582089552238805, 0.23582089552238805, 0.34626865671641793], "8": [0.14772727272727273, 0.2727272727272727, 0.32272727272727275, 0.25681818181818183], "9": [0.0, 0.0, 1.0, 0.0], "10": [0.0, 0.08333333333333333, 0.5, 0.4166666666666667], "11": [0, 0, 0, 0], "12": [0.04918032786885246, 0.05737704918032787, 0.39344262295081966, 0.5], "13": [0.09610389610389611, 0.23376623376623376, 0.44415584415584414, 0.22597402597402597], "14": [0.0, 0.011494252873563218, 0.7701149425287356, 0.21839080459770116], "15": [0.06910569105691057, 0.12804878048780488, 0.5691056910569106, 0.23373983739837398], "16": [0.013888888888888888, 0.05092592592592592, 0.8472222222222222, 0.08796296296296297]}, "CH": {"0": [0.2, 0.3, 0.3, 0.2], "1": [0.1, 0.35, 0.1, 0.45], "2": [0.2903225806451613, 0.22580645161290322, 0.0967741935483871, 0.3870967741935484], "3": [0.16666666666666666, 0.22727272727272727, 0.12121212121212122, 0.48484848484848486], "4": [0.1897810218978102, 0.3357664233576642, 0.16058394160583941, 0.31386861313868614], "5": [0.2553191489361702, 0.2553191489361702, 0.15602836879432624, 0.3333333333333333], "6": [0.1308411214953271, 0.19626168224299065, 0.3177570093457944, 0.35514018691588783], "7": [0.23394495412844038, 0.2981651376146789, 0.19724770642201836, 0.2706422018348624], "8": [0.1839080459770115, 0.3065134099616858, 0.2567049808429119, 0.25287356321839083], "9": [0.0, 0.0, 0.0, 1.0], "10": [0.0, 0.0, 0.3333333333333333, 0.6666666666666666], "11": [1.0, 0.0, 0.0, 0.0], "12": [0.06493506493506493, 0.12987012987012986, 0.2077922077922078, 0.5974025974025974], "13": [0.14965986394557823, 0.2755102040816326, 0.3163265306122449, 0.2585034013605442], "14": [0.0625, 0.125, 0.8125, 0.0], "15": [0.08823529411764706, 0.1497326203208556, 0.5561497326203209, 0.20588235294117646], "16": [0.057692307692307696, 0.1346153846153846, 0.6538461538461539, 0.15384615384615385]}, "FT": {"0": [0.14285714285714285, 0.22448979591836735, 0.21428571428571427, 0.41836734693877553], "1": [0.1111111111111111, 0.21568627450980393, 0.19607843137254902, 0.477124183006536], "2": [0.12745098039215685, 0.11764705882352941, 0.35294117647058826, 0.4019607843137255], "3": [0.25, 0.29411764705882354, 0.05392156862745098, 0.4019607843137255], "4": [0.245136186770428, 0.29961089494163423, 0.08560311284046693, 0.36964980544747084], "5": [0.1630901287553648, 0.3261802575107296, 0.0815450643776824, 0.4291845493562232], "6": [0.2153846153846154, 0.33076923076923076, 0.11538461538461539, 0.3384615384615385], "7": [0.2573099415204678, 0.3742690058479532, 0.08771929824561403, 0.2807017543859649], "8": [0.2681564245810056, 0.3463687150837989, 0.061452513966480445, 0.3240223463687151], "9": [0.3333333333333333, 0.0, 0.6666666666666666, 0.0], "10": [0.019230769230769232, 0.07692307692307693, 0.5384615384615384, 0.36538461538461536], "11": [0.16666666666666666, 0.0, 0.5, 0.3333333333333333], "12": [0.12834224598930483, 0.3155080213903743, 0.1443850267379679, 0.4117647058823529], "13": [0.11057692307692307, 0.2644230769230769, 0.21153846153846154, 0.41346153846153844], "14": [0.0, 0.0, 0.5, 0.5], "15": [0.17475728155339806, 0.2912621359223301, 0.23300970873786409, 0.30097087378640774], "16": [0.15384615384615385, 0.3076923076923077, 0.38461538461538464, 0.15384615384615385]}, "CU": {"0": [0.08333333333333333, 0.4166666666666667, 0.08333333333333333, 0.4166666666666667], "1": [0.20833333333333334, 0.4166666666666667, 0.16666666666666666, 0.20833333333333334], "2": [0.1, 0.4, 0.1, 0.4], "3": [0.23636363636363636, 0.2727272727272727, 0.09090909090909091, 0.4], "4": [0.3017241379310345, 0.3275862068965517, 0.04310344827586207, 0.3275862068965517], "5": [0.16346153846153846, 0.3557692307692308, 0.18269230769230768, 0.2980769230769231], "6": [0.22413793103448276, 0.1810344827586207, 0.19827586206896552, 0.39655172413793105], "7": [0.18141592920353983, 0.34513274336283184, 0.16371681415929204, 0.30973451327433627], "8": [0.16037735849056603, 0.2641509433962264, 0.2641509433962264, 0.3113207547169811], "9": [0.0, 0.0, 0.0, 1.0], "10": [0.0, 0.5, 0.0, 0.5], "11": [0, 0, 0, 0], "12": [0.09090909090909091, 0.06818181818181818, 0.3409090909090909, 0.5], "13": [0.09565217391304348, 0.28695652173913044, 0.41739130434782606, 0.2], "14": [0.014705882352941176, 0.029411764705882353, 0.7794117647058824, 0.17647058823529413], "15": [0.060810810810810814, 0.1554054054054054, 0.509009009009009, 0.2747747747747748], "16": [0.02912621359223301, 0.1262135922330097, 0.8058252427184466, 0.038834951456310676]}}